,studyName,Sample Number,Region,Island,Stage,Individual ID,Clutch Completion,Date Egg,Culmen Length (mm),Culmen Depth (mm),Flipper Length (mm),Body Mass (g),Sex,Delta 15 N (o/oo),Delta 13 C (o/oo),Comments,Species
0,PAL0708,0,Anvers,Torgersen,"Adult, 1 Egg Stage",N1A1,Yes,11/11/07,39.1,18.7,181.0,3750.0,,7.6322,-27.01854,Not enough blood for isotopes.,Adelie Penguin (Pygoscelis adeliae)
1,PAL0708,1,Anvers,Torgersen,"Adult, 1 Egg Stage",N1A2,Yes,11/11/07,39.5,17.4,186.0,3800.0,FEMALE,8.94956,-24.69454,Nest never observed with full clutch.,Adelie Penguin (Pygoscelis adeliae)
2,PAL0708,2,Anvers,,"Adult, 1 Egg Stage",N2A1,Yes,11/16/07,40.3,18.0,195.0,3250.0,FEMALE,8.36821,-25.33302,Nest never observed with full clutch.,Adelie Penguin (Pygoscelis adeliae)
3,PAL0708,3,Anvers,,"Adult, 1 Egg Stage",,Yes,11/16/07,41.1,17.0,190.0,3800.0,,7.6322,-27.01854,,Adelie Penguin (Pygoscelis adeliae)
4,PAL0708,4,Anvers,Torgersen,"Adult, 1 Egg Stage",N3A1,Yes,11/16/07,36.7,19.3,193.0,3450.0,FEMALE,8.76651,-25.32426,Nest never observed with full clutch.,Adelie Penguin (Pygoscelis adeliae)
5,PAL0708,5,Anvers,Torgersen,"Adult, 1 Egg Stage",N3A2,Yes,11/16/07,39.3,20.6,190.0,3650.0,MALE,8.66496,-25.29805,,Adelie Penguin (Pygoscelis adeliae)
6,PAL0708,6,Anvers,Torgersen,"Adult, 1 Egg Stage",N4A1,No,11/15/07,38.9,17.8,181.0,3625.0,,9.18718,-25.21799,Nest never observed with full clutch.,Adelie Penguin (Pygoscelis adeliae)
7,PAL0708,7,Anvers,Torgersen,"Adult, 1 Egg Stage",N4A2,No,11/15/07,39.2,19.6,195.0,4675.0,MALE,9.4606,-24.89958,Nest never observed with full clutch.,Adelie Penguin (Pygoscelis adeliae)
8,PAL0708,8,Anvers,Torgersen,"Adult, 1 Egg Stage",N5A1,Yes,11/9/07,34.1,18.1,193.0,3475.0,MALE,7.6322,-27.01854,No blood sample obtained.,Adelie Penguin (Pygoscelis adeliae)
9,PAL0708,9,Anvers,,"Adult, 1 Egg Stage",N5A2,Yes,11/9/07,42.0,20.2,190.0,4250.0,MALE,9.13362,-25.09368,No blood sample obtained for sexing.,Adelie Penguin (Pygoscelis adeliae)
10,PAL0708,10,Anvers,Torgersen,"Adult, 1 Egg Stage",,Yes,11/9/07,37.8,17.1,186.0,3300.0,MALE,8.63243,-25.21315,No blood sample obtained for sexing.,Adelie Penguin (Pygoscelis adeliae)
11,PAL0708,11,Anvers,Torgersen,"Adult, 1 Egg Stage",N6A2,Yes,11/9/07,37.8,17.3,180.0,3700.0,,7.6322,-27.01854,No blood sample obtained.,Adelie Penguin (Pygoscelis adeliae)
12,PAL0708,12,Anvers,Torgersen,"Adult, 1 Egg Stage",,Yes,11/15/07,41.1,17.6,182.0,3200.0,,7.6322,-27.01854,Not enough blood for isotopes.,Adelie Penguin (Pygoscelis adeliae)
13,PAL0708,13,Anvers,Torgersen,"Adult, 1 Egg Stage",N7A2,Yes,11/15/07,38.6,21.2,191.0,3800.0,,7.6322,-27.01854,Not enough blood for isotopes.,Adelie Penguin (Pygoscelis adeliae)
14,PAL0708,14,Anvers,Torgersen,"Adult, 1 Egg Stage",N8A1,Yes,11/16/07,34.6,21.1,198.0,4400.0,MALE,8.55583,-25.22588,Nest never observed with full clutch.,Adelie Penguin (Pygoscelis adeliae)
15,PAL0708,15,Anvers,,"Adult, 1 Egg Stage",N8A2,Yes,11/16/07,36.6,17.8,185.0,3700.0,FEMALE,7.6322,-27.01854,Not enough blood for isotopes.,Adelie Penguin (Pygoscelis adeliae)
16,PAL0708,16,Anvers,Torgersen,"Adult, 1 Egg Stage",N9A1,Yes,11/12/07,38.7,19.0,195.0,3450.0,FEMALE,9.18528,-25.06691,Nest never observed with full clutch.,Adelie Penguin (Pygoscelis adeliae)
17,PAL0708,17,Anvers,,"Adult, 1 Egg Stage",N9A2,Yes,11/12/07,42.5,20.7,197.0,4500.0,MALE,8.67538,-25.13993,Nest never observed with full clutch.,Adelie Penguin (Pygoscelis adeliae)
18,PAL0708,18,Anvers,Torgersen,"Adult, 1 Egg Stage",N10A1,Yes,11/16/07,34.4,18.4,184.0,3325.0,FEMALE,11.021751,-25.23319,Nest never observed with full clutch.,Adelie Penguin (Pygoscelis adeliae)
19,PAL0708,19,Anvers,,"Adult, 1 Egg Stage",,Yes,11/16/07,46.0,21.5,194.0,4200.0,MALE,9.11616,-24.77227,Nest never observed with full clutch.,Adelie Penguin (Pygoscelis adeliae)
20,PAL0708,20,Anvers,Biscoe,"Adult, 1 Egg Stage",N11A1,Yes,11/12/07,37.8,18.3,174.0,3400.0,FEMALE,11.358906,-25.09383,Nest never observed with full clutch.,Adelie Penguin (Pygoscelis adeliae)
21,PAL0708,21,Anvers,,"Adult, 1 Egg Stage",N11A2,Yes,11/12/07,37.7,18.7,180.0,3600.0,,8.66271,-25.0639,Nest never observed with full clutch.,Adelie Penguin (Pygoscelis adeliae)
22,PAL0708,22,Anvers,Biscoe,"Adult, 1 Egg Stage",N12A1,Yes,11/12/07,35.9,19.2,189.0,3800.0,FEMALE,9.22286,-25.03474,Nest never observed with full clutch.,Adelie Penguin (Pygoscelis adeliae)
23,PAL0708,23,Anvers,,"Adult, 1 Egg Stage",N12A2,Yes,11/12/07,38.2,18.1,185.0,3950.0,MALE,8.43423,-25.22664,Nest never observed with full clutch.,Adelie Penguin (Pygoscelis adeliae)
24,PAL0708,24,Anvers,Biscoe,"Adult, 1 Egg Stage",N13A1,Yes,11/10/07,38.8,17.2,180.0,3800.0,MALE,9.63954,-25.29856,Nest never observed with full clutch.,Adelie Penguin (Pygoscelis adeliae)
25,PAL0708,25,Anvers,,"Adult, 1 Egg Stage",N13A2,Yes,11/10/07,35.3,18.9,187.0,3800.0,FEMALE,9.21292,-24.3613,Nest never observed with full clutch.,Adelie Penguin (Pygoscelis adeliae)
26,PAL0708,26,Anvers,Biscoe,"Adult, 1 Egg Stage",N17A1,Yes,11/12/07,40.6,18.6,183.0,3550.0,MALE,8.93997,-25.36288,Nest never observed with full clutch.,Adelie Penguin (Pygoscelis adeliae)
27,PAL0708,27,Anvers,Biscoe,"Adult, 1 Egg Stage",N17A2,Yes,11/12/07,40.5,17.9,187.0,3200.0,FEMALE,8.08138,-25.49448,Nest never observed with full clutch.,Adelie Penguin (Pygoscelis adeliae)
28,PAL0708,28,Anvers,Biscoe,"Adult, 1 Egg Stage",N18A1,No,11/10/07,37.9,18.6,172.0,3150.0,FEMALE,8.38404,-25.19837,Nest never observed with full clutch.,Adelie Penguin (Pygoscelis adeliae)
29,PAL0708,29,Anvers,Biscoe,"Adult, 1 Egg Stage",N18A2,No,11/10/07,40.5,18.9,180.0,3950.0,MALE,8.90027,-25.11609,Nest never observed with full clutch.,Adelie Penguin (Pygoscelis adeliae)
30,PAL0708,30,Anvers,Dream,"Adult, 1 Egg Stage",N21A1,Yes,11/9/07,39.5,16.7,178.0,3250.0,FEMALE,9.69756,-25.11223,Nest never observed with full clutch.,Adelie Penguin (Pygoscelis adeliae)
31,PAL0708,31,Anvers,,"Adult, 1 Egg Stage",N21A2,Yes,11/9/07,37.2,18.1,178.0,3900.0,MALE,12.645932,-25.0102,Nest never observed with full clutch.,Adelie Penguin (Pygoscelis adeliae)
32,PAL0708,32,Anvers,Dream,"Adult, 1 Egg Stage",N22A1,Yes,11/9/07,39.5,17.8,188.0,3300.0,FEMALE,9.66523,-25.0602,Nest never observed with full clutch.,Adelie Penguin (Pygoscelis adeliae)
33,PAL0708,33,Anvers,Dream,"Adult, 1 Egg Stage",N22A2,Yes,11/9/07,40.9,18.9,184.0,3900.0,MALE,8.79665,-25.14591,Nest never observed with full clutch.,Adelie Penguin (Pygoscelis adeliae)
34,PAL0708,34,Anvers,Dream,"Adult, 1 Egg Stage",N23A1,Yes,11/16/07,36.4,17.0,195.0,3325.0,FEMALE,9.17847,-25.23061,Nest never observed with full clutch.,Adelie Penguin (Pygoscelis adeliae)
35,PAL0708,35,Anvers,Dream,"Adult, 1 Egg Stage",N23A2,Yes,11/16/07,39.2,21.1,196.0,4150.0,MALE,9.15308,-25.03469,,Adelie Penguin (Pygoscelis adeliae)
36,PAL0708,36,Anvers,Dream,"Adult, 1 Egg Stage",N24A1,Yes,11/16/07,38.8,20.0,190.0,3950.0,,9.18985,-25.12255,Nest never observed with full clutch.,Adelie Penguin (Pygoscelis adeliae)
37,PAL0708,37,Anvers,Dream,"Adult, 1 Egg Stage",N24A2,Yes,11/16/07,42.2,18.5,180.0,3550.0,FEMALE,8.04787,-25.49523,Nest never observed with full clutch.,Adelie Penguin (Pygoscelis adeliae)
38,PAL0708,38,Anvers,Dream,"Adult, 1 Egg Stage",N25A1,No,11/13/07,37.6,19.3,181.0,3300.0,FEMALE,9.41131,-25.04169,Nest never observed with full clutch.,Adelie Penguin (Pygoscelis adeliae)
39,PAL0708,39,Anvers,Dream,"Adult, 1 Egg Stage",N25A2,No,11/13/07,39.8,19.1,184.0,4650.0,MALE,7.6322,-27.01854,Nest never observed with full clutch. Not enough blood for isotopes.,Adelie Penguin (Pygoscelis adeliae)
40,PAL0708,40,Anvers,Dream,"Adult, 1 Egg Stage",N26A1,Yes,11/16/07,36.5,18.0,182.0,3150.0,,9.68933,-24.4228,Nest never observed with full clutch.,Adelie Penguin (Pygoscelis adeliae)
41,PAL0708,41,Anvers,Dream,"Adult, 1 Egg Stage",N26A2,Yes,11/16/07,40.8,18.4,195.0,3900.0,MALE,7.6322,-27.01854,Not enough blood for isotopes.,Adelie Penguin (Pygoscelis adeliae)
42,PAL0708,42,Anvers,,"Adult, 1 Egg Stage",N27A1,Yes,11/19/07,36.0,18.5,186.0,3100.0,,9.50772,-25.03492,Nest never observed with full clutch.,Adelie Penguin (Pygoscelis adeliae)
43,PAL0708,43,Anvers,Dream,"Adult, 1 Egg Stage",N27A2,Yes,11/19/07,44.1,19.7,196.0,4400.0,MALE,9.2372,-24.52698,Nest never observed with full clutch.,Adelie Penguin (Pygoscelis adeliae)
44,PAL0708,44,Anvers,Dream,"Adult, 1 Egg Stage",N28A1,Yes,11/16/07,37.0,16.9,185.0,3000.0,FEMALE,9.36392,-25.01745,Nest never observed with full clutch.,Adelie Penguin (Pygoscelis adeliae)
45,PAL0708,45,Anvers,Dream,"Adult, 1 Egg Stage",N28A2,Yes,11/16/07,39.6,18.8,190.0,4600.0,MALE,9.49106,-24.10255,Nest never observed with full clutch.,Adelie Penguin (Pygoscelis adeliae)
46,PAL0708,46,Anvers,Dream,"Adult, 1 Egg Stage",N29A1,Yes,11/13/07,41.1,19.0,182.0,3425.0,MALE,7.6322,-27.01854,Not enough blood for isotopes.,Adelie Penguin (Pygoscelis adeliae)
47,PAL0708,47,Anvers,Dream,"Adult, 1 Egg Stage",N29A2,Yes,11/13/07,37.5,18.9,179.0,2975.0,MALE,7.6322,-27.01854,Sexing primers did not amplify. Not enough blood for isotopes.,Adelie Penguin (Pygoscelis adeliae)
48,PAL0708,48,Anvers,Dream,"Adult, 1 Egg Stage",N30A1,Yes,11/13/07,36.0,17.9,190.0,3450.0,FEMALE,9.51784,-25.07683,Nest never observed with full clutch.,Adelie Penguin (Pygoscelis adeliae)
49,PAL0708,49,Anvers,Dream,"Adult, 1 Egg Stage",N30A2,Yes,11/13/07,42.3,21.2,191.0,4150.0,MALE,8.87988,-25.18543,Nest never observed with full clutch.,Adelie Penguin (Pygoscelis adeliae)
50,PAL0809,50,Anvers,Biscoe,"Adult, 1 Egg Stage",N21A1,Yes,11/6/08,39.6,17.7,186.0,3500.0,FEMALE,8.46616,-26.12989,Nest never observed with full clutch.,Adelie Penguin (Pygoscelis adeliae)
51,PAL0809,51,Anvers,Biscoe,"Adult, 1 Egg Stage",N21A2,Yes,11/6/08,40.1,18.9,188.0,4300.0,MALE,8.51362,-26.55602,Nest never observed with full clutch.,Adelie Penguin (Pygoscelis adeliae)
52,PAL0809,52,Anvers,Biscoe,"Adult, 1 Egg Stage",N22A1,Yes,11/9/08,35.0,17.9,190.0,3450.0,FEMALE,8.19539,-26.17213,Nest never observed with full clutch.,Adelie Penguin (Pygoscelis adeliae)
53,PAL0809,53,Anvers,Biscoe,"Adult, 1 Egg Stage",N22A2,Yes,11/9/08,42.0,19.5,200.0,4050.0,MALE,8.48095,-26.3146,,Adelie Penguin (Pygoscelis adeliae)
54,PAL0809,54,Anvers,Biscoe,"Adult, 1 Egg Stage",,Yes,11/9/08,34.5,18.1,187.0,2900.0,FEMALE,8.41837,-26.54718,Nest never observed with full clutch.,Adelie Penguin (Pygoscelis adeliae)
55,PAL0809,55,Anvers,Biscoe,"Adult, 1 Egg Stage",N23A2,Yes,11/9/08,41.4,18.6,191.0,3700.0,MALE,8.35396,-26.27853,Nest never observed with full clutch.,Adelie Penguin (Pygoscelis adeliae)
56,PAL0809,56,Anvers,Biscoe,"Adult, 1 Egg Stage",N24A1,Yes,11/15/08,39.0,17.5,186.0,3550.0,FEMALE,8.57199,-26.07188,Nest never observed with full clutch.,Adelie Penguin (Pygoscelis adeliae)
57,PAL0809,57,Anvers,Biscoe,"Adult, 1 Egg Stage",N24A2,,11/15/08,40.6,18.8,193.0,3800.0,MALE,8.56674,-25.98843,Nest never observed with full clutch.,Adelie Penguin (Pygoscelis adeliae)
58,PAL0809,58,Anvers,Biscoe,"Adult, 1 Egg Stage",N25A1,Yes,11/15/08,36.5,16.6,181.0,2850.0,FEMALE,11.802414,-25.88156,Nest never observed with full clutch.,Adelie Penguin (Pygoscelis adeliae)
59,PAL0809,59,Anvers,Biscoe,"Adult, 1 Egg Stage",N25A2,Yes,11/15/08,37.6,19.1,194.0,3750.0,MALE,9.108,-25.89677,Nest never observed with full clutch.,Adelie Penguin (Pygoscelis adeliae)
60,PAL0809,60,Anvers,Biscoe,"Adult, 1 Egg Stage",N27A1,Yes,11/13/08,35.7,16.9,185.0,3150.0,FEMALE,8.96472,-26.40943,Nest never observed with full clutch.,Adelie Penguin (Pygoscelis adeliae)
61,PAL0809,61,Anvers,Biscoe,"Adult, 1 Egg Stage",N27A2,Yes,11/13/08,41.3,21.1,195.0,4400.0,MALE,8.74802,-26.37809,Nest never observed with full clutch.,Adelie Penguin (Pygoscelis adeliae)
62,PAL0809,62,Anvers,Biscoe,"Adult, 1 Egg Stage",N28A1,Yes,11/13/08,37.6,17.0,185.0,3600.0,FEMALE,8.58063,-26.21569,Nest never observed with full clutch.,Adelie Penguin (Pygoscelis adeliae)
63,PAL0809,63,Anvers,Biscoe,,N28A2,Yes,11/13/08,41.1,18.2,192.0,4050.0,MALE,8.62264,-26.60023,Nest never observed with full clutch.,Adelie Penguin (Pygoscelis adeliae)
64,PAL0809,64,Anvers,Biscoe,"Adult, 1 Egg Stage",N29A1,Yes,11/13/08,36.4,17.1,184.0,2850.0,FEMALE,8.62623,-26.1165,Nest never observed with full clutch.,Adelie Penguin (Pygoscelis adeliae)
65,PAL0809,65,Anvers,Biscoe,"Adult, 1 Egg Stage",,Yes,11/13/08,41.6,18.0,192.0,3950.0,MALE,8.85562,-26.09294,,Adelie Penguin (Pygoscelis adeliae)
66,PAL0809,66,Anvers,Biscoe,"Adult, 1 Egg Stage",N30A1,Yes,11/6/08,35.5,16.2,195.0,3350.0,,8.56192,-25.95541,Nest never observed with full clutch.,Adelie Penguin (Pygoscelis adeliae)
67,PAL0809,67,Anvers,Biscoe,"Adult, 1 Egg Stage",N30A2,Yes,11/6/08,41.1,19.1,188.0,4100.0,MALE,8.71078,-25.81012,Nest never observed with full clutch.,Adelie Penguin (Pygoscelis adeliae)
68,PAL0809,68,Anvers,Torgersen,"Adult, 1 Egg Stage",N32A1,No,11/11/08,35.9,16.6,190.0,3050.0,FEMALE,8.47781,-26.07821,Nest never observed with full clutch.,Adelie Penguin (Pygoscelis adeliae)
69,PAL0809,69,Anvers,Torgersen,"Adult, 1 Egg Stage",,No,11/11/08,41.8,19.4,198.0,4450.0,MALE,8.86853,-26.06209,Nest never observed with full clutch.,Adelie Penguin (Pygoscelis adeliae)
70,PAL0809,70,Anvers,Torgersen,"Adult, 1 Egg Stage",N34A1,Yes,11/14/08,33.5,19.0,190.0,3600.0,,7.88863,-26.63085,Nest never observed with full clutch.,Adelie Penguin (Pygoscelis adeliae)
71,PAL0809,71,Anvers,Torgersen,"Adult, 1 Egg Stage",N34A2,Yes,11/14/08,39.7,18.4,190.0,3900.0,MALE,9.29808,-25.23453,Nest never observed with full clutch.,Adelie Penguin (Pygoscelis adeliae)
72,PAL0809,72,Anvers,Torgersen,"Adult, 1 Egg Stage",N35A1,Yes,11/11/08,39.6,17.2,196.0,3550.0,FEMALE,8.33524,-26.55351,,Adelie Penguin (Pygoscelis adeliae)
73,PAL0809,73,Anvers,Torgersen,"Adult, 1 Egg Stage",N35A2,Yes,11/11/08,45.8,18.9,197.0,4150.0,MALE,8.18658,-26.45978,Nest never observed with full clutch.,Adelie Penguin (Pygoscelis adeliae)
74,PAL0809,74,Anvers,Torgersen,"Adult, 1 Egg Stage",N36A1,Yes,11/8/08,35.5,17.5,190.0,3700.0,FEMALE,8.70642,-26.15003,Nest never observed with full clutch.,Adelie Penguin (Pygoscelis adeliae)
75,PAL0809,75,Anvers,Torgersen,"Adult, 1 Egg Stage",,Yes,11/8/08,42.8,18.5,195.0,4250.0,MALE,8.2993,-26.38986,Nest never observed with full clutch.,Adelie Penguin (Pygoscelis adeliae)
76,PAL0809,76,Anvers,,"Adult, 1 Egg Stage",N37A1,Yes,11/6/08,40.9,16.8,191.0,3700.0,,8.47257,-26.02002,Nest never observed with full clutch.,Adelie Penguin (Pygoscelis adeliae)
77,PAL0809,77,Anvers,Torgersen,"Adult, 1 Egg Stage",N37A2,Yes,11/6/08,37.2,19.4,184.0,3900.0,MALE,8.3554,-26.44787,Nest never observed with full clutch.,Adelie Penguin (Pygoscelis adeliae)
78,PAL0809,78,Anvers,,"Adult, 1 Egg Stage",N38A1,Yes,11/9/08,36.2,16.1,187.0,3550.0,FEMALE,7.82381,-26.51382,Nest never observed with full clutch.,Adelie Penguin (Pygoscelis adeliae)
79,PAL0809,79,Anvers,,"Adult, 1 Egg Stage",N38A2,Yes,11/9/08,42.1,19.1,195.0,4000.0,MALE,9.05736,-25.81513,Nest never observed with full clutch.,Adelie Penguin (Pygoscelis adeliae)
80,PAL0809,80,Anvers,Torgersen,"Adult, 1 Egg Stage",N39A1,Yes,11/2/08,34.6,17.2,189.0,3200.0,FEMALE,7.69778,-26.5387,Nest never observed with full clutch.,Adelie Penguin (Pygoscelis adeliae)
81,PAL0809,81,Anvers,Torgersen,"Adult, 1 Egg Stage",N39A2,Yes,11/2/08,42.9,17.6,196.0,4700.0,MALE,8.63259,-26.23027,Nest never observed with full clutch.,Adelie Penguin (Pygoscelis adeliae)
82,PAL0809,82,Anvers,,"Adult, 1 Egg Stage",N40A1,Yes,11/7/08,36.7,18.8,187.0,3800.0,FEMALE,7.88494,-26.24837,Nest never observed with full clutch.,Adelie Penguin (Pygoscelis adeliae)
83,PAL0809,83,Anvers,Torgersen,"Adult, 1 Egg Stage",N40A2,Yes,11/7/08,35.1,19.4,193.0,4200.0,,11.570026,-26.46254,Nest never observed with full clutch.,Adelie Penguin (Pygoscelis adeliae)
84,PAL0809,84,Anvers,,"Adult, 1 Egg Stage",N41A1,Yes,11/17/08,37.3,17.8,191.0,3350.0,FEMALE,8.32718,-26.38396,Nest never observed with full clutch.,Adelie Penguin (Pygoscelis adeliae)
85,PAL0809,85,Anvers,Dream,"Adult, 1 Egg Stage",N41A2,Yes,11/17/08,41.3,20.3,194.0,3550.0,MALE,9.14863,-26.09635,Nest never observed with full clutch.,Adelie Penguin (Pygoscelis adeliae)
86,PAL0809,86,Anvers,Dream,"Adult, 1 Egg Stage",N42A1,Yes,11/8/08,36.3,19.5,190.0,3800.0,MALE,8.57087,-26.22227,Nest never observed with full clutch.,Adelie Penguin (Pygoscelis adeliae)
87,PAL0809,87,Anvers,Dream,"Adult, 1 Egg Stage",N42A2,Yes,11/8/08,36.9,18.6,189.0,3500.0,FEMALE,8.59147,-26.08165,Nest never observed with full clutch.,Adelie Penguin (Pygoscelis adeliae)
88,PAL0809,88,Anvers,Dream,"Adult, 1 Egg Stage",N44A1,Yes,11/8/08,38.3,19.2,189.0,3950.0,MALE,9.07826,-26.12417,Nest never observed with full clutch.,Adelie Penguin (Pygoscelis adeliae)
89,PAL0809,89,Anvers,Dream,"Adult, 1 Egg Stage",N44A2,Yes,11/8/08,38.9,18.8,190.0,3600.0,FEMALE,8.36936,-26.11199,Nest never observed with full clutch.,Adelie Penguin (Pygoscelis adeliae)
90,PAL0809,90,Anvers,Dream,"Adult, 1 Egg Stage",N45A1,Yes,11/14/08,35.7,18.0,202.0,3550.0,FEMALE,8.46531,-26.05621,Nest never observed with full clutch.,Adelie Penguin (Pygoscelis adeliae)
91,PAL0809,91,Anvers,Dream,"Adult, 1 Egg Stage",N45A2,Yes,11/14/08,41.1,18.1,205.0,4300.0,MALE,8.77018,-25.83352,Nest never observed with full clutch.,Adelie Penguin (Pygoscelis adeliae)
92,PAL0809,92,Anvers,Dream,"Adult, 1 Egg Stage",N46A1,Yes,11/5/08,34.0,17.1,185.0,3400.0,FEMALE,8.01485,-26.69543,Nest never observed with full clutch.,Adelie Penguin (Pygoscelis adeliae)
93,PAL0809,93,Anvers,Dream,"Adult, 1 Egg Stage",N46A2,Yes,11/5/08,39.6,18.1,186.0,4450.0,MALE,8.49915,-26.42406,Nest never observed with full clutch.,Adelie Penguin (Pygoscelis adeliae)
94,PAL0809,94,Anvers,Dream,"Adult, 1 Egg Stage",,Yes,11/17/08,36.2,17.3,187.0,3300.0,FEMALE,8.90723,-26.30037,Nest never observed with full clutch.,Adelie Penguin (Pygoscelis adeliae)
95,PAL0809,95,Anvers,Dream,"Adult, 1 Egg Stage",N48A2,Yes,11/17/08,40.8,18.9,208.0,4300.0,MALE,8.48204,-26.57941,Nest never observed with full clutch.,Adelie Penguin (Pygoscelis adeliae)
96,PAL0809,96,Anvers,Dream,"Adult, 1 Egg Stage",N49A1,Yes,11/8/08,38.1,18.6,190.0,3700.0,FEMALE,8.10277,-26.50086,Nest never observed with full clutch.,Adelie Penguin (Pygoscelis adeliae)
97,PAL0809,97,Anvers,Dream,"Adult, 1 Egg Stage",N49A2,Yes,11/8/08,40.3,18.5,196.0,4350.0,MALE,8.39459,-26.01152,Nest never observed with full clutch.,Adelie Penguin (Pygoscelis adeliae)
98,PAL0809,98,Anvers,Dream,"Adult, 1 Egg Stage",N50A1,Yes,11/10/08,33.1,16.1,178.0,2900.0,FEMALE,9.04218,-26.15775,Nest never observed with full clutch.,Adelie Penguin (Pygoscelis adeliae)
99,PAL0809,99,Anvers,Dream,"Adult, 1 Egg Stage",N50A2,Yes,11/10/08,43.2,18.5,192.0,4100.0,MALE,8.97025,-26.03679,Nest never observed with full clutch.,Adelie Penguin (Pygoscelis adeliae)
100,PAL0910,100,Anvers,,"Adult, 1 Egg Stage",N47A1,Yes,11/9/09,35.0,17.9,192.0,3725.0,FEMALE,8.84451,-26.28055,Nest never observed with full clutch.,Adelie Penguin (Pygoscelis adeliae)
101,PAL0910,101,Anvers,Biscoe,"Adult, 1 Egg Stage",N47A2,Yes,11/9/09,41.0,20.0,203.0,4725.0,MALE,9.01079,-26.38085,Nest never observed with full clutch.,Adelie Penguin (Pygoscelis adeliae)
102,PAL0910,102,Anvers,Biscoe,"Adult, 1 Egg Stage",N49A1,Yes,11/15/09,37.7,16.0,183.0,3075.0,FEMALE,9.2151,-26.2253,,Adelie Penguin (Pygoscelis adeliae)
103,PAL0910,103,Anvers,Biscoe,"Adult, 1 Egg Stage",N49A2,Yes,11/15/09,37.8,20.0,190.0,4250.0,MALE,9.51929,-25.69199,Nest never observed with full clutch.,Adelie Penguin (Pygoscelis adeliae)
104,PAL0910,104,Anvers,Biscoe,"Adult, 1 Egg Stage",N51A1,Yes,11/15/09,37.9,18.6,193.0,2925.0,FEMALE,9.02642,-25.86482,Nest never observed with full clutch.,Adelie Penguin (Pygoscelis adeliae)
105,PAL0910,105,Anvers,Biscoe,"Adult, 1 Egg Stage",N51A2,Yes,11/15/09,39.7,18.9,184.0,3550.0,,8.85699,-25.80208,Nest never observed with full clutch.,Adelie Penguin (Pygoscelis adeliae)
106,PAL0910,106,Anvers,Biscoe,"Adult, 1 Egg Stage",N53A1,Yes,11/15/09,38.6,17.2,199.0,3750.0,FEMALE,8.77322,-26.48973,Nest never observed with full clutch.,Adelie Penguin (Pygoscelis adeliae)
107,PAL0910,107,Anvers,Biscoe,"Adult, 1 Egg Stage",N53A2,Yes,11/15/09,38.2,20.0,190.0,3900.0,MALE,9.59245,-25.70711,Nest never observed with full clutch.,Adelie Penguin (Pygoscelis adeliae)
108,PAL0910,108,Anvers,Biscoe,"Adult, 1 Egg Stage",N55A1,Yes,11/20/09,38.1,17.0,181.0,3175.0,FEMALE,9.79532,-25.27385,Nest never observed with full clutch.,Adelie Penguin (Pygoscelis adeliae)
109,PAL0910,109,Anvers,Biscoe,"Adult, 1 Egg Stage",N55A2,Yes,11/20/09,43.2,19.0,197.0,4775.0,MALE,9.31735,-25.45171,Nest never observed with full clutch.,Adelie Penguin (Pygoscelis adeliae)
110,PAL0910,110,Anvers,Biscoe,"Adult, 1 Egg Stage",N58A1,Yes,11/12/09,38.1,16.5,198.0,3825.0,,8.43951,-26.57563,Nest never observed with full clutch.,Adelie Penguin (Pygoscelis adeliae)
111,PAL0910,111,Anvers,Biscoe,"Adult, 1 Egg Stage",,Yes,11/12/09,45.6,20.3,191.0,4600.0,MALE,11.251058,-26.32909,Nest never observed with full clutch.,Adelie Penguin (Pygoscelis adeliae)
112,PAL0910,112,Anvers,Biscoe,"Adult, 1 Egg Stage",N60A1,Yes,11/15/09,39.7,17.7,193.0,3200.0,FEMALE,9.02657,-26.06203,Nest never observed with full clutch.,Adelie Penguin (Pygoscelis adeliae)
113,PAL0910,113,Anvers,Biscoe,"Adult, 1 Egg Stage",N60A2,Yes,11/15/09,42.2,19.5,197.0,4275.0,MALE,8.80186,-26.41218,Nest never observed with full clutch.,Adelie Penguin (Pygoscelis adeliae)
114,PAL0910,114,Anvers,Biscoe,"Adult, 1 Egg Stage",N61A1,Yes,11/17/09,39.6,20.7,191.0,3900.0,FEMALE,8.80967,-26.78958,,Adelie Penguin (Pygoscelis adeliae)
115,PAL0910,115,Anvers,Biscoe,"Adult, 1 Egg Stage",N61A2,Yes,11/17/09,42.7,18.3,196.0,4075.0,MALE,8.91434,-26.42018,Nest never observed with full clutch.,Adelie Penguin (Pygoscelis adeliae)
116,PAL0910,116,Anvers,Torgersen,"Adult, 1 Egg Stage",N63A1,Yes,11/18/09,38.6,17.0,188.0,2900.0,,9.18021,-25.77264,Nest never observed with full clutch.,Adelie Penguin (Pygoscelis adeliae)
117,PAL0910,117,Anvers,Torgersen,"Adult, 1 Egg Stage",N63A2,Yes,11/18/09,37.3,20.5,199.0,3775.0,MALE,9.49645,-26.36678,Nest never observed with full clutch.,Adelie Penguin (Pygoscelis adeliae)
118,PAL0910,118,Anvers,Torgersen,"Adult, 1 Egg Stage",N64A1,Yes,11/22/09,35.7,17.0,189.0,3350.0,FEMALE,8.96436,-23.90309,,Adelie Penguin (Pygoscelis adeliae)
119,PAL0910,119,Anvers,Torgersen,"Adult, 1 Egg Stage",N64A2,Yes,11/22/09,41.1,18.6,189.0,3325.0,MALE,9.32277,-26.09989,Nest never observed with full clutch.,Adelie Penguin (Pygoscelis adeliae)
120,PAL0910,120,Anvers,Torgersen,"Adult, 1 Egg Stage",N66A1,No,11/17/09,36.2,17.2,187.0,3150.0,FEMALE,9.04296,-26.19444,Nest never observed with full clutch.,Adelie Penguin (Pygoscelis adeliae)
121,PAL0910,121,Anvers,,"Adult, 1 Egg Stage",N66A2,No,11/17/09,37.7,19.8,198.0,3500.0,MALE,9.11066,-26.42563,Nest never observed with full clutch.,Adelie Penguin (Pygoscelis adeliae)
122,PAL0910,122,Anvers,Torgersen,"Adult, 1 Egg Stage",N67A1,Yes,11/16/09,40.2,17.0,176.0,3450.0,FEMALE,9.30722,-25.61039,Nest never observed with full clutch.,Adelie Penguin (Pygoscelis adeliae)
123,PAL0910,123,Anvers,Torgersen,"Adult, 1 Egg Stage",N67A2,Yes,11/16/09,41.4,18.5,202.0,3875.0,MALE,9.59462,-25.42621,,Adelie Penguin (Pygoscelis adeliae)
124,PAL0910,124,Anvers,Torgersen,"Adult, 1 Egg Stage",N69A1,Yes,11/18/09,35.2,15.9,186.0,3050.0,FEMALE,8.81668,-25.95399,Nest never observed with full clutch.,Adelie Penguin (Pygoscelis adeliae)
125,PAL0910,125,Anvers,Torgersen,"Adult, 1 Egg Stage",N69A2,Yes,11/18/09,40.6,19.0,199.0,4000.0,MALE,9.22537,-25.60826,Nest never observed with full clutch.,Adelie Penguin (Pygoscelis adeliae)
126,PAL0910,126,Anvers,Torgersen,"Adult, 1 Egg Stage",,Yes,11/21/09,38.8,17.6,191.0,3275.0,,8.88098,-25.89741,Nest never observed with full clutch.,Adelie Penguin (Pygoscelis adeliae)
127,PAL0910,127,Anvers,Torgersen,"Adult, 1 Egg Stage",N71A2,Yes,11/21/09,41.5,18.3,195.0,4300.0,MALE,8.52566,-26.0245,Nest never observed with full clutch.,Adelie Penguin (Pygoscelis adeliae)
128,PAL0910,128,Anvers,Torgersen,"Adult, 1 Egg Stage",N72A1,Yes,11/18/09,39.0,17.1,191.0,3050.0,FEMALE,9.19031,-25.73722,Nest never observed with full clutch.,Adelie Penguin (Pygoscelis adeliae)
129,PAL0910,129,Anvers,Torgersen,"Adult, 1 Egg Stage",N72A2,Yes,11/18/09,44.1,18.0,210.0,4000.0,MALE,9.10702,-26.01363,Nest never observed with full clutch.,Adelie Penguin (Pygoscelis adeliae)
130,PAL0910,130,Anvers,Torgersen,"Adult, 1 Egg Stage",N73A1,No,11/23/09,38.5,17.9,190.0,3325.0,FEMALE,8.9846,-25.57956,Nest never observed with full clutch.,Adelie Penguin (Pygoscelis adeliae)
131,PAL0910,131,Anvers,Torgersen,"Adult, 1 Egg Stage",N73A2,No,11/23/09,43.1,19.2,197.0,3500.0,MALE,11.524435,-26.1396,Nest never observed with full clutch.,Adelie Penguin (Pygoscelis adeliae)
132,PAL0910,132,Anvers,Dream,"Adult, 1 Egg Stage",,Yes,11/10/09,36.8,18.5,193.0,3500.0,FEMALE,8.98705,-25.57647,Nest never observed with full clutch.,Adelie Penguin (Pygoscelis adeliae)
133,PAL0910,133,Anvers,Dream,"Adult, 1 Egg Stage",N76A2,Yes,11/10/09,37.5,18.5,199.0,4475.0,MALE,8.56708,-26.49288,Nest never observed with full clutch.,Adelie Penguin (Pygoscelis adeliae)
134,PAL0910,134,Anvers,Dream,"Adult, 1 Egg Stage",N77A1,Yes,11/13/09,38.1,17.6,187.0,3425.0,FEMALE,8.717,-25.77951,Nest never observed with full clutch.,Adelie Penguin (Pygoscelis adeliae)
135,PAL0910,135,Anvers,Dream,"Adult, 1 Egg Stage",N77A2,Yes,11/13/09,41.1,17.5,190.0,3900.0,MALE,8.94365,-26.06943,Nest never observed with full clutch.,Adelie Penguin (Pygoscelis adeliae)
136,PAL0910,136,Anvers,Dream,"Adult, 1 Egg Stage",N78A1,Yes,11/16/09,35.6,17.5,191.0,3175.0,FEMALE,8.75984,-25.97696,,Adelie Penguin (Pygoscelis adeliae)
137,PAL0910,137,Anvers,Dream,"Adult, 1 Egg Stage",N78A2,Yes,11/16/09,40.2,20.1,200.0,3975.0,,8.95998,-26.32601,Nest never observed with full clutch.,Adelie Penguin (Pygoscelis adeliae)
138,PAL0910,138,Anvers,Dream,"Adult, 1 Egg Stage",N79A1,No,11/16/09,37.0,16.5,185.0,3400.0,FEMALE,8.61651,-26.07021,Nest never observed with full clutch.,Adelie Penguin (Pygoscelis adeliae)
139,PAL0910,139,Anvers,Dream,"Adult, 1 Egg Stage",N79A2,,11/16/09,39.7,17.9,193.0,4250.0,MALE,9.25769,-25.88798,,Adelie Penguin (Pygoscelis adeliae)
140,PAL0910,140,Anvers,Dream,"Adult, 1 Egg Stage",N80A1,Yes,11/14/09,40.2,17.1,193.0,3400.0,FEMALE,9.2881,-25.54976,Nest never observed with full clutch.,Adelie Penguin (Pygoscelis adeliae)
141,PAL0910,141,Anvers,Dream,"Adult, 1 Egg Stage",N80A2,Yes,11/14/09,40.6,17.2,187.0,3475.0,MALE,9.23408,-26.01549,Nest never observed with full clutch.,Adelie Penguin (Pygoscelis adeliae)
142,PAL0910,142,Anvers,Dream,"Adult, 1 Egg Stage",N81A1,Yes,11/16/09,32.1,15.5,188.0,3050.0,FEMALE,8.79787,-26.61075,Nest never observed with full clutch.,Adelie Penguin (Pygoscelis adeliae)
143,PAL0910,143,Anvers,Dream,"Adult, 1 Egg Stage",N81A2,Yes,11/16/09,40.7,17.0,190.0,3725.0,MALE,9.05674,-25.79529,Nest never observed with full clutch.,Adelie Penguin (Pygoscelis adeliae)
144,PAL0910,144,Anvers,Dream,"Adult, 1 Egg Stage",N82A1,Yes,11/16/09,37.3,16.8,192.0,3000.0,FEMALE,9.06829,-25.85203,Nest never observed with full clutch.,Adelie Penguin (Pygoscelis adeliae)
145,PAL0910,145,Anvers,Dream,"Adult, 1 Egg Stage",,Yes,11/16/09,39.0,18.7,185.0,3650.0,MALE,9.22033,-26.03442,Nest never observed with full clutch.,Adelie Penguin (Pygoscelis adeliae)
146,PAL0910,146,Anvers,Dream,"Adult, 1 Egg Stage",N83A1,Yes,11/13/09,39.2,18.6,190.0,4250.0,MALE,9.11006,-25.79549,Nest never observed with full clutch.,Adelie Penguin (Pygoscelis adeliae)
147,PAL0910,147,Anvers,Dream,"Adult, 1 Egg Stage",N83A2,Yes,11/13/09,36.6,18.4,184.0,3475.0,FEMALE,8.68744,-25.8306,Nest never observed with full clutch.,Adelie Penguin (Pygoscelis adeliae)
148,PAL0910,148,Anvers,Dream,"Adult, 1 Egg Stage",N84A1,Yes,11/17/09,36.0,17.8,195.0,3450.0,,8.94332,-25.79189,Nest never observed with full clutch.,Adelie Penguin (Pygoscelis adeliae)
149,PAL0910,149,Anvers,Dream,"Adult, 1 Egg Stage",N84A2,Yes,11/17/09,37.8,18.1,193.0,3750.0,MALE,8.97533,-26.03495,Nest never observed with full clutch.,Adelie Penguin (Pygoscelis adeliae)
150,PAL0910,150,Anvers,Dream,"Adult, 1 Egg Stage",N85A1,Yes,11/17/09,36.0,17.1,187.0,3700.0,FEMALE,8.93465,-26.07081,Nest never observed with full clutch.,Adelie Penguin (Pygoscelis adeliae)
151,PAL0910,151,Anvers,Dream,"Adult, 1 Egg Stage",N85A2,Yes,11/17/09,41.5,18.5,201.0,4000.0,MALE,8.8964,-26.06967,Nest never observed with full clutch.,Adelie Penguin (Pygoscelis adeliae)
152,PAL0708,152,Anvers,Dream,"Adult, 1 Egg Stage",N61A1,No,11/19/07,46.5,17.9,192.0,3500.0,FEMALE,9.03935,-24.30229,,Chinstrap penguin (Pygoscelis antarctica)
153,PAL0708,153,Anvers,Dream,"Adult, 1 Egg Stage",N61A2,No,11/19/07,50.0,19.5,196.0,3900.0,MALE,8.92069,-24.23592,Nest never observed with full clutch.,Chinstrap penguin (Pygoscelis antarctica)
154,PAL0708,154,Anvers,Dream,"Adult, 1 Egg Stage",N62A1,Yes,11/26/07,51.3,19.2,193.0,3650.0,MALE,9.29078,-24.7557,Nest never observed with full clutch.,Chinstrap penguin (Pygoscelis antarctica)
155,PAL0708,155,Anvers,Dream,"Adult, 1 Egg Stage",N62A2,Yes,11/26/07,45.4,18.7,188.0,3525.0,FEMALE,8.64701,-24.62717,Nest never observed with full clutch.,Chinstrap penguin (Pygoscelis antarctica)
156,PAL0708,156,Anvers,Dream,"Adult, 1 Egg Stage",N64A1,Yes,11/21/07,52.7,19.8,197.0,3725.0,MALE,9.00642,-24.61867,Nest never observed with full clutch.,Chinstrap penguin (Pygoscelis antarctica)
157,PAL0708,157,Anvers,Dream,"Adult, 1 Egg Stage",N64A2,Yes,11/21/07,45.2,17.8,198.0,3950.0,FEMALE,8.88942,-24.49433,Nest never observed with full clutch.,Chinstrap penguin (Pygoscelis antarctica)
158,PAL0708,158,Anvers,Dream,"Adult, 1 Egg Stage",N66A1,Yes,11/28/07,46.1,18.2,178.0,3250.0,FEMALE,8.85664,-24.55644,Nest never observed with full clutch.,Chinstrap penguin (Pygoscelis antarctica)
159,PAL0708,159,Anvers,Dream,"Adult, 1 Egg Stage",N66A2,Yes,11/28/07,51.3,18.2,197.0,3750.0,MALE,8.63701,-24.84059,Nest never observed with full clutch.,Chinstrap penguin (Pygoscelis antarctica)
160,PAL0708,160,Anvers,Dream,"Adult, 1 Egg Stage",N67A1,Yes,11/21/07,46.0,18.9,195.0,4150.0,,8.47173,-24.29229,Nest never observed with full clutch.,Chinstrap penguin (Pygoscelis antarctica)
161,PAL0708,161,Anvers,Dream,"Adult, 1 Egg Stage",N67A2,Yes,11/21/07,51.3,19.9,198.0,3700.0,,8.79581,-24.36088,Nest never observed with full clutch.,Chinstrap penguin (Pygoscelis antarctica)
162,PAL0708,162,Anvers,Dream,"Adult, 1 Egg Stage",N68A1,Yes,11/28/07,46.6,17.8,193.0,3800.0,FEMALE,8.95063,-24.59897,Nest never observed with full clutch.,Chinstrap penguin (Pygoscelis antarctica)
163,PAL0708,163,Anvers,Dream,"Adult, 1 Egg Stage",N68A2,Yes,11/28/07,51.7,20.3,194.0,3775.0,MALE,8.68747,-24.38751,Nest never observed with full clutch.,Chinstrap penguin (Pygoscelis antarctica)
164,PAL0708,164,Anvers,Dream,"Adult, 1 Egg Stage",N69A1,Yes,11/26/07,47.0,17.3,185.0,3700.0,FEMALE,8.72037,-24.80526,Nest never observed with full clutch.,Chinstrap penguin (Pygoscelis antarctica)
165,PAL0708,165,Anvers,Dream,"Adult, 1 Egg Stage",,Yes,11/26/07,52.0,18.1,201.0,4050.0,MALE,9.0233,-24.38933,Nest never observed with full clutch.,Chinstrap penguin (Pygoscelis antarctica)
166,PAL0708,166,Anvers,Dream,"Adult, 1 Egg Stage",N70A1,Yes,11/22/07,45.9,17.1,190.0,3575.0,FEMALE,9.12277,-24.90024,Nest never observed with full clutch.,Chinstrap penguin (Pygoscelis antarctica)
167,PAL0708,167,Anvers,Dream,"Adult, 1 Egg Stage",,Yes,11/22/07,50.5,19.6,201.0,4050.0,,9.8059,-24.7294,Nest never observed with full clutch.,Chinstrap penguin (Pygoscelis antarctica)
168,PAL0708,168,Anvers,Dream,"Adult, 1 Egg Stage",N71A1,No,11/30/07,50.3,20.0,197.0,3300.0,MALE,10.02019,-24.54704,Nest never observed with full clutch.,Chinstrap penguin (Pygoscelis antarctica)
169,PAL0708,169,Anvers,Dream,"Adult, 1 Egg Stage",N71A2,No,11/30/07,58.0,17.8,181.0,3700.0,FEMALE,9.14382,-24.57994,Nest never observed with full clutch.,Chinstrap penguin (Pygoscelis antarctica)
170,PAL0708,170,Anvers,Dream,"Adult, 1 Egg Stage",N72A1,Yes,11/30/07,46.4,18.6,190.0,3450.0,FEMALE,9.32105,-24.64162,Nest never observed with full clutch.,Chinstrap penguin (Pygoscelis antarctica)
171,PAL0708,171,Anvers,Dream,"Adult, 1 Egg Stage",N72A2,Yes,11/30/07,49.2,18.2,195.0,4400.0,MALE,9.27158,-24.64335,,Chinstrap penguin (Pygoscelis antarctica)
172,PAL0708,172,Anvers,,"Adult, 1 Egg Stage",N73A1,Yes,12/3/07,42.4,17.3,181.0,3600.0,FEMALE,9.35138,-24.6879,Nest never observed with full clutch.,Chinstrap penguin (Pygoscelis antarctica)
173,PAL0708,173,Anvers,Dream,"Adult, 1 Egg Stage",N73A2,Yes,12/3/07,48.5,17.5,191.0,3400.0,MALE,9.42666,-24.26375,Nest never observed with full clutch.,Chinstrap penguin (Pygoscelis antarctica)
174,PAL0708,174,Anvers,Dream,"Adult, 1 Egg Stage",N85A1,No,11/28/07,43.2,16.6,187.0,2900.0,FEMALE,9.35416,-25.01185,Nest never observed with full clutch.,Chinstrap penguin (Pygoscelis antarctica)
175,PAL0708,175,Anvers,Dream,"Adult, 1 Egg Stage",N85A2,No,11/28/07,50.6,19.4,193.0,3800.0,MALE,9.28153,-24.97134,Nest never observed with full clutch.,Chinstrap penguin (Pygoscelis antarctica)
176,PAL0708,176,Anvers,Dream,"Adult, 1 Egg Stage",,No,11/28/07,46.7,17.9,195.0,3300.0,FEMALE,9.74144,-24.59467,Nest never observed with full clutch.,Chinstrap penguin (Pygoscelis antarctica)
177,PAL0708,177,Anvers,Dream,"Adult, 1 Egg Stage",N89A2,No,11/28/07,52.0,19.0,197.0,4150.0,MALE,9.36799,-24.47142,Nest never observed with full clutch.,Chinstrap penguin (Pygoscelis antarctica)
178,PAL0809,178,Anvers,Dream,"Adult, 1 Egg Stage",N61A1,No,11/25/08,50.5,18.4,200.0,3400.0,FEMALE,8.9399,-23.89017,Nest never observed with full clutch.,Chinstrap penguin (Pygoscelis antarctica)
179,PAL0809,179,Anvers,Dream,"Adult, 1 Egg Stage",N61A2,No,11/25/08,49.5,19.0,200.0,3800.0,MALE,9.63074,-24.34684,Nest never observed with full clutch.,Chinstrap penguin (Pygoscelis antarctica)
180,PAL0809,180,Anvers,Dream,"Adult, 1 Egg Stage",N62A1,Yes,11/14/08,46.4,17.8,191.0,3700.0,FEMALE,9.37369,-24.52896,Nest never observed with full clutch.,Chinstrap penguin (Pygoscelis antarctica)
181,PAL0809,181,Anvers,Dream,"Adult, 1 Egg Stage",N62A2,Yes,11/14/08,52.8,20.0,205.0,4550.0,MALE,9.25177,-24.69638,Nest never observed with full clutch.,Chinstrap penguin (Pygoscelis antarctica)
182,PAL0809,182,Anvers,Dream,"Adult, 1 Egg Stage",N63A1,Yes,11/24/08,40.9,16.6,187.0,3200.0,FEMALE,9.08458,-24.54903,Nest never observed with full clutch.,Chinstrap penguin (Pygoscelis antarctica)
183,PAL0809,183,Anvers,,"Adult, 1 Egg Stage",N63A2,Yes,11/24/08,54.2,20.8,201.0,4300.0,,9.49283,-24.59996,Nest never observed with full clutch.,Chinstrap penguin (Pygoscelis antarctica)
184,PAL0809,184,Anvers,,"Adult, 1 Egg Stage",N65A1,Yes,11/24/08,42.5,16.7,187.0,3350.0,FEMALE,12.176684000000002,-24.45195,Nest never observed with full clutch.,Chinstrap penguin (Pygoscelis antarctica)
185,PAL0809,185,Anvers,Dream,"Adult, 1 Egg Stage",N65A2,Yes,11/24/08,51.0,18.8,203.0,4100.0,MALE,9.23196,-24.17282,Nest never observed with full clutch.,Chinstrap penguin (Pygoscelis antarctica)
186,PAL0809,186,Anvers,Dream,"Adult, 1 Egg Stage",,Yes,11/25/08,49.7,18.6,195.0,3600.0,MALE,9.75486,-24.31198,Nest never observed with full clutch.,Chinstrap penguin (Pygoscelis antarctica)
187,PAL0809,187,Anvers,Dream,"Adult, 1 Egg Stage",,Yes,11/25/08,47.5,16.8,199.0,3900.0,FEMALE,9.07825,-25.1455,Nest never observed with full clutch.,Chinstrap penguin (Pygoscelis antarctica)
188,PAL0809,188,Anvers,Dream,"Adult, 1 Egg Stage",N69A1,Yes,11/14/08,47.6,18.3,195.0,3850.0,FEMALE,8.83502,-24.65859,Nest never observed with full clutch.,Chinstrap penguin (Pygoscelis antarctica)
189,PAL0809,189,Anvers,Dream,"Adult, 1 Egg Stage",,Yes,11/14/08,52.0,20.7,210.0,4800.0,MALE,9.43146,-24.6844,Nest never observed with full clutch.,Chinstrap penguin (Pygoscelis antarctica)
190,PAL0809,190,Anvers,,"Adult, 1 Egg Stage",N72A1,No,11/24/08,46.9,16.6,192.0,2700.0,FEMALE,9.80589,-24.73735,Nest never observed with full clutch.,Chinstrap penguin (Pygoscelis antarctica)
191,PAL0809,191,Anvers,Dream,"Adult, 1 Egg Stage",N72A2,No,11/24/08,53.5,19.9,205.0,4500.0,MALE,10.02544,-24.90816,Nest never observed with full clutch.,Chinstrap penguin (Pygoscelis antarctica)
192,PAL0809,192,Anvers,Dream,"Adult, 1 Egg Stage",N74A1,Yes,11/24/08,49.0,19.5,210.0,3950.0,MALE,9.53262,-24.66867,Nest never observed with full clutch.,Chinstrap penguin (Pygoscelis antarctica)
193,PAL0809,193,Anvers,Dream,"Adult, 1 Egg Stage",N74A2,Yes,11/24/08,46.2,17.5,187.0,3650.0,FEMALE,9.61734,-24.66188,Nest never observed with full clutch.,Chinstrap penguin (Pygoscelis antarctica)
194,PAL0809,194,Anvers,Dream,"Adult, 1 Egg Stage",N75A1,Yes,11/14/08,50.9,19.1,196.0,3550.0,MALE,10.02372,-24.86594,Nest never observed with full clutch.,Chinstrap penguin (Pygoscelis antarctica)
195,PAL0809,195,Anvers,,"Adult, 1 Egg Stage",N75A2,Yes,11/14/08,45.5,17.0,196.0,3500.0,FEMALE,9.36493,-24.66259,Nest never observed with full clutch.,Chinstrap penguin (Pygoscelis antarctica)
196,PAL0910,196,Anvers,Dream,"Adult, 1 Egg Stage",N86A1,Yes,11/17/09,50.9,17.9,196.0,3675.0,FEMALE,9.43684,-24.16566,,Chinstrap penguin (Pygoscelis antarctica)
197,PAL0910,197,Anvers,Dream,"Adult, 1 Egg Stage",N86A2,Yes,11/17/09,50.8,18.5,201.0,4450.0,MALE,9.45827,-24.35575,Nest never observed with full clutch.,Chinstrap penguin (Pygoscelis antarctica)
198,PAL0910,198,Anvers,Dream,"Adult, 1 Egg Stage",N87A1,Yes,11/27/09,50.1,17.9,190.0,3400.0,FEMALE,9.46819,-24.45721,Nest never observed with full clutch.,Chinstrap penguin (Pygoscelis antarctica)
199,PAL0910,199,Anvers,Dream,"Adult, 1 Egg Stage",N87A2,Yes,11/27/09,49.0,19.6,212.0,4300.0,MALE,9.34089,-24.45189,,Chinstrap penguin (Pygoscelis antarctica)
200,PAL0910,200,Anvers,Dream,"Adult, 1 Egg Stage",N88A1,Yes,11/23/09,51.5,18.7,187.0,3250.0,MALE,9.6895,-24.43062,Nest never observed with full clutch.,Chinstrap penguin (Pygoscelis antarctica)
201,PAL0910,201,Anvers,Dream,"Adult, 1 Egg Stage",N88A2,Yes,11/23/09,49.8,17.3,198.0,3675.0,FEMALE,9.32169,-24.41562,Nest never observed with full clutch.,Chinstrap penguin (Pygoscelis antarctica)
202,PAL0910,202,Anvers,Dream,"Adult, 1 Egg Stage",N90A1,Yes,11/21/09,48.1,16.4,199.0,3325.0,FEMALE,9.46929,-24.48403,,Chinstrap penguin (Pygoscelis antarctica)
203,PAL0910,203,Anvers,Dream,"Adult, 1 Egg Stage",N90A2,Yes,11/21/09,51.4,19.0,201.0,3950.0,MALE,9.43782,-24.36202,Nest never observed with full clutch.,Chinstrap penguin (Pygoscelis antarctica)
204,PAL0910,204,Anvers,Dream,"Adult, 1 Egg Stage",N92A1,Yes,11/23/09,45.7,17.3,193.0,3600.0,FEMALE,9.415,-24.805,Nest never observed with full clutch.,Chinstrap penguin (Pygoscelis antarctica)
205,PAL0910,205,Anvers,Dream,"Adult, 1 Egg Stage",,Yes,11/23/09,50.7,19.7,203.0,4050.0,MALE,9.93727,-24.59066,Nest never observed with full clutch.,Chinstrap penguin (Pygoscelis antarctica)
206,PAL0910,206,Anvers,Dream,"Adult, 1 Egg Stage",N93A1,Yes,11/27/09,42.5,17.3,187.0,3350.0,FEMALE,9.56534,-24.60882,Nest never observed with full clutch.,Chinstrap penguin (Pygoscelis antarctica)
207,PAL0910,207,Anvers,Dream,"Adult, 1 Egg Stage",N93A2,Yes,11/27/09,52.2,18.8,197.0,3450.0,MALE,9.77528,-24.56481,Nest never observed with full clutch.,Chinstrap penguin (Pygoscelis antarctica)
208,PAL0910,208,Anvers,Dream,"Adult, 1 Egg Stage",N94A1,Yes,11/21/09,45.2,16.6,191.0,3250.0,FEMALE,9.62357,-24.78984,,Chinstrap penguin (Pygoscelis antarctica)
209,PAL0910,209,Anvers,,"Adult, 1 Egg Stage",N94A2,Yes,11/21/09,49.3,19.9,203.0,4050.0,MALE,9.88809,-24.59513,Nest never observed with full clutch.,Chinstrap penguin (Pygoscelis antarctica)
210,PAL0910,210,Anvers,Dream,"Adult, 1 Egg Stage",N95A1,Yes,11/21/09,50.2,18.8,202.0,3800.0,MALE,9.74492,-24.404,Nest never observed with full clutch.,Chinstrap penguin (Pygoscelis antarctica)
211,PAL0910,211,Anvers,Dream,"Adult, 1 Egg Stage",N95A2,Yes,11/21/09,45.6,19.4,194.0,3525.0,FEMALE,9.46985,-24.65786,Nest never observed with full clutch.,Chinstrap penguin (Pygoscelis antarctica)
212,PAL0910,212,Anvers,Dream,"Adult, 1 Egg Stage",N96A1,Yes,11/27/09,51.9,19.5,206.0,3950.0,MALE,7.6322,-23.78767,Nest never observed with full clutch.,Chinstrap penguin (Pygoscelis antarctica)
213,PAL0910,213,Anvers,Dream,"Adult, 1 Egg Stage",N96A2,Yes,11/27/09,46.8,16.5,189.0,3650.0,FEMALE,9.65061,-24.48153,Nest never observed with full clutch.,Chinstrap penguin (Pygoscelis antarctica)
214,PAL0910,214,Anvers,Dream,"Adult, 1 Egg Stage",N98A1,Yes,11/19/09,45.7,17.0,195.0,3650.0,FEMALE,9.26715,-24.31912,Nest never observed with full clutch.,Chinstrap penguin (Pygoscelis antarctica)
215,PAL0910,215,Anvers,Dream,"Adult, 1 Egg Stage",N98A2,Yes,11/19/09,55.8,19.8,207.0,4000.0,MALE,9.70465,-24.53494,Nest never observed with full clutch.,Chinstrap penguin (Pygoscelis antarctica)
216,PAL0910,216,Anvers,,"Adult, 1 Egg Stage",N99A1,No,11/21/09,43.5,18.1,202.0,3400.0,FEMALE,9.37608,-24.40753,Nest never observed with full clutch.,Chinstrap penguin (Pygoscelis antarctica)
217,PAL0910,217,Anvers,Dream,"Adult, 1 Egg Stage",N99A2,No,11/21/09,49.6,18.2,193.0,3775.0,MALE,9.4618,-24.70615,Nest never observed with full clutch.,Chinstrap penguin (Pygoscelis antarctica)
218,PAL0910,218,Anvers,Dream,"Adult, 1 Egg Stage",N100A1,Yes,11/21/09,50.8,19.0,210.0,4100.0,MALE,9.98044,-24.68741,Nest never observed with full clutch.,Chinstrap penguin (Pygoscelis antarctica)
219,PAL0910,219,Anvers,Dream,"Adult, 1 Egg Stage",N100A2,Yes,11/21/09,50.2,18.7,198.0,3775.0,,9.39305,-24.25255,Nest never observed with full clutch.,Chinstrap penguin (Pygoscelis antarctica)
220,PAL0708,220,Anvers,Biscoe,,N31A1,Yes,11/27/07,46.1,13.2,211.0,4500.0,FEMALE,7.993,-25.5139,Nest never observed with full clutch.,Gentoo penguin (Pygoscelis papua)
221,PAL0708,221,Anvers,Biscoe,"Adult, 1 Egg Stage",N31A2,Yes,11/27/07,50.0,16.3,230.0,5700.0,MALE,8.14756,-25.39369,Nest never observed with full clutch.,Gentoo penguin (Pygoscelis papua)
222,PAL0708,222,Anvers,Biscoe,"Adult, 1 Egg Stage",N32A1,Yes,11/27/07,48.7,14.1,210.0,4450.0,,8.14705,-25.46172,Nest never observed with full clutch.,Gentoo penguin (Pygoscelis papua)
223,PAL0708,223,Anvers,Biscoe,"Adult, 1 Egg Stage",N32A2,Yes,11/27/07,50.0,15.2,218.0,5700.0,MALE,8.2554,-25.40075,Nest never observed with full clutch.,Gentoo penguin (Pygoscelis papua)
224,PAL0708,224,Anvers,Biscoe,"Adult, 1 Egg Stage",N33A1,Yes,11/18/07,47.6,14.5,215.0,5400.0,MALE,8.2345,-25.54456,Nest never observed with full clutch.,Gentoo penguin (Pygoscelis papua)
225,PAL0708,225,Anvers,Biscoe,"Adult, 1 Egg Stage",N33A2,Yes,11/18/07,46.5,13.5,210.0,4550.0,FEMALE,7.9953,-25.32829,Nest never observed with full clutch.,Gentoo penguin (Pygoscelis papua)
226,PAL0708,226,Anvers,Biscoe,"Adult, 1 Egg Stage",N34A1,Yes,11/27/07,45.4,14.6,211.0,4800.0,FEMALE,8.24515,-25.46782,,Gentoo penguin (Pygoscelis papua)
227,PAL0708,227,Anvers,Biscoe,"Adult, 1 Egg Stage",N34A2,Yes,11/27/07,46.7,15.3,219.0,5200.0,MALE,8.22673,-25.4276,Nest never observed with full clutch.,Gentoo penguin (Pygoscelis papua)
228,PAL0708,228,Anvers,Biscoe,"Adult, 1 Egg Stage",N35A1,Yes,11/27/07,43.3,13.4,209.0,4400.0,FEMALE,8.13643,-25.32176,Nest never observed with full clutch.,Gentoo penguin (Pygoscelis papua)
229,PAL0708,229,Anvers,Biscoe,"Adult, 1 Egg Stage",N35A2,Yes,11/27/07,46.8,15.4,215.0,5150.0,MALE,8.1631,-25.38017,Nest never observed with full clutch.,Gentoo penguin (Pygoscelis papua)
230,PAL0708,230,Anvers,Biscoe,"Adult, 1 Egg Stage",N36A1,No,11/27/07,40.9,13.7,214.0,4650.0,FEMALE,8.19579,-25.3933,Nest never observed with full clutch.,Gentoo penguin (Pygoscelis papua)
231,PAL0708,231,Anvers,Biscoe,"Adult, 1 Egg Stage",N36A2,No,11/27/07,49.0,16.1,216.0,5550.0,MALE,8.10417,-25.50562,Nest never observed with full clutch.,Gentoo penguin (Pygoscelis papua)
232,PAL0708,232,Anvers,Biscoe,"Adult, 1 Egg Stage",N37A1,Yes,11/29/07,45.5,13.7,214.0,4650.0,,7.77672,-25.4168,Nest never observed with full clutch.,Gentoo penguin (Pygoscelis papua)
233,PAL0708,233,Anvers,Biscoe,"Adult, 1 Egg Stage",N37A2,Yes,11/29/07,48.4,14.6,213.0,5850.0,MALE,7.8208,-25.48025,Nest never observed with full clutch.,Gentoo penguin (Pygoscelis papua)
234,PAL0708,234,Anvers,Biscoe,"Adult, 1 Egg Stage",N38A1,Yes,12/3/07,45.8,14.6,210.0,4200.0,FEMALE,7.79958,-25.62618,,Gentoo penguin (Pygoscelis papua)
235,PAL0708,235,Anvers,Biscoe,"Adult, 1 Egg Stage",N38A2,Yes,12/3/07,49.3,15.7,217.0,5850.0,MALE,8.07137,-25.52473,Nest never observed with full clutch.,Gentoo penguin (Pygoscelis papua)
236,PAL0708,236,Anvers,Biscoe,"Adult, 1 Egg Stage",N39A1,Yes,11/27/07,42.0,13.5,210.0,4150.0,FEMALE,7.63884,-25.52627,Nest never observed with full clutch.,Gentoo penguin (Pygoscelis papua)
237,PAL0708,237,Anvers,Biscoe,"Adult, 1 Egg Stage",N39A2,Yes,11/27/07,49.2,15.2,221.0,6300.0,MALE,8.27376,-25.00169,Nest never observed with full clutch.,Gentoo penguin (Pygoscelis papua)
238,PAL0708,238,Anvers,Biscoe,"Adult, 1 Egg Stage",N40A1,Yes,11/27/07,46.2,14.5,209.0,4800.0,FEMALE,7.84057,-25.37899,Nest never observed with full clutch.,Gentoo penguin (Pygoscelis papua)
239,PAL0708,239,Anvers,Biscoe,"Adult, 1 Egg Stage",N40A2,Yes,11/27/07,48.7,15.1,222.0,5350.0,MALE,10.354383,-25.39587,Nest never observed with full clutch.,Gentoo penguin (Pygoscelis papua)
240,PAL0708,240,Anvers,Biscoe,"Adult, 1 Egg Stage",N41A1,Yes,11/27/07,50.2,14.3,218.0,5700.0,MALE,7.8962,-25.37746,Nest never observed with full clutch.,Gentoo penguin (Pygoscelis papua)
241,PAL0708,241,Anvers,Biscoe,"Adult, 1 Egg Stage",N41A2,Yes,11/27/07,45.1,14.5,215.0,5000.0,FEMALE,7.6322,-25.46569,Nest never observed with full clutch.,Gentoo penguin (Pygoscelis papua)
242,PAL0708,242,Anvers,Biscoe,"Adult, 1 Egg Stage",N42A1,Yes,11/27/07,46.5,14.5,213.0,4400.0,FEMALE,7.90436,-25.3947,Nest never observed with full clutch.,Gentoo penguin (Pygoscelis papua)
243,PAL0708,243,Anvers,Biscoe,"Adult, 1 Egg Stage",N42A2,Yes,11/27/07,46.3,15.8,215.0,5050.0,MALE,7.90971,-25.38157,Nest never observed with full clutch.,Gentoo penguin (Pygoscelis papua)
244,PAL0708,244,Anvers,Biscoe,"Adult, 1 Egg Stage",N44A1,Yes,11/29/07,42.9,13.1,215.0,5000.0,FEMALE,7.68528,-25.39181,Nest never observed with full clutch.,Gentoo penguin (Pygoscelis papua)
245,PAL0708,245,Anvers,Biscoe,"Adult, 1 Egg Stage",N44A2,Yes,11/29/07,46.1,15.1,215.0,5100.0,MALE,7.83733,-25.42826,Nest never observed with full clutch.,Gentoo penguin (Pygoscelis papua)
246,PAL0708,246,Anvers,Biscoe,"Adult, 1 Egg Stage",N46A1,Yes,11/29/07,44.5,14.3,216.0,4100.0,,7.96621,-25.69327,Nest never observed with full clutch.,Gentoo penguin (Pygoscelis papua)
247,PAL0708,247,Anvers,,"Adult, 1 Egg Stage",N46A2,Yes,11/29/07,47.8,15.0,215.0,5650.0,MALE,7.92358,-25.48383,Nest never observed with full clutch.,Gentoo penguin (Pygoscelis papua)
248,PAL0708,248,Anvers,Biscoe,"Adult, 1 Egg Stage",N47A1,Yes,11/29/07,48.2,14.3,210.0,4600.0,FEMALE,7.6887,-25.50811,Nest never observed with full clutch.,Gentoo penguin (Pygoscelis papua)
249,PAL0708,249,Anvers,Biscoe,"Adult, 1 Egg Stage",,Yes,11/29/07,50.0,15.3,220.0,5550.0,MALE,8.30515,-25.19017,Nest never observed with full clutch.,Gentoo penguin (Pygoscelis papua)
250,PAL0708,250,Anvers,Biscoe,"Adult, 1 Egg Stage",N50A1,Yes,11/29/07,47.3,15.3,222.0,5250.0,MALE,7.6322,-27.01854,Nest never observed with full clutch.,Gentoo penguin (Pygoscelis papua)
251,PAL0708,251,Anvers,Biscoe,"Adult, 1 Egg Stage",N50A2,Yes,11/29/07,42.8,14.2,209.0,4700.0,FEMALE,7.63452,-25.46327,Nest never observed with full clutch.,Gentoo penguin (Pygoscelis papua)
252,PAL0708,252,Anvers,Biscoe,"Adult, 1 Egg Stage",N56A1,Yes,12/3/07,45.1,14.5,207.0,5050.0,,10.366304,-25.53768,Nest never observed with full clutch.,Gentoo penguin (Pygoscelis papua)
253,PAL0708,253,Anvers,Biscoe,"Adult, 1 Egg Stage",N56A2,Yes,12/3/07,59.6,17.0,230.0,6050.0,MALE,7.76843,-25.6821,Nest never observed with full clutch.,Gentoo penguin (Pygoscelis papua)
254,PAL0809,254,Anvers,Biscoe,"Adult, 1 Egg Stage",N2A1,Yes,11/13/08,49.1,14.8,220.0,5150.0,FEMALE,7.89744,-26.63405,Nest never observed with full clutch.,Gentoo penguin (Pygoscelis papua)
255,PAL0809,255,Anvers,Biscoe,"Adult, 1 Egg Stage",N2A2,Yes,11/13/08,48.4,16.3,220.0,5400.0,MALE,8.03659,-26.86127,Nest never observed with full clutch.,Gentoo penguin (Pygoscelis papua)
256,PAL0809,256,Anvers,Biscoe,"Adult, 1 Egg Stage",N4A1,Yes,11/2/08,42.6,13.7,213.0,4950.0,FEMALE,7.96935,-26.70968,Nest never observed with full clutch.,Gentoo penguin (Pygoscelis papua)
257,PAL0809,257,Anvers,Biscoe,"Adult, 1 Egg Stage",N4A2,Yes,11/2/08,44.4,17.3,219.0,5250.0,MALE,8.13746,-26.79093,Nest never observed with full clutch.,Gentoo penguin (Pygoscelis papua)
258,PAL0809,258,Anvers,Biscoe,"Adult, 1 Egg Stage",N5A1,Yes,11/9/08,44.0,13.6,208.0,4350.0,FEMALE,8.01979,-26.68311,Nest never observed with full clutch.,Gentoo penguin (Pygoscelis papua)
259,PAL0809,259,Anvers,Biscoe,"Adult, 1 Egg Stage",N5A2,Yes,11/9/08,48.7,15.7,208.0,5350.0,MALE,8.14776,-26.84506,Nest never observed with full clutch.,Gentoo penguin (Pygoscelis papua)
260,PAL0809,260,Anvers,Biscoe,"Adult, 1 Egg Stage",N6A1,No,11/4/08,42.7,13.7,208.0,3950.0,FEMALE,8.14567,-26.59467,Nest never observed with full clutch.,Gentoo penguin (Pygoscelis papua)
261,PAL0809,261,Anvers,Biscoe,,N6A2,No,11/4/08,49.6,16.0,225.0,5700.0,MALE,8.38324,-26.84272,,Gentoo penguin (Pygoscelis papua)
262,PAL0809,262,Anvers,Biscoe,"Adult, 1 Egg Stage",N7A1,Yes,11/4/08,45.3,13.7,210.0,4300.0,FEMALE,8.37615,-26.72791,Nest never observed with full clutch.,Gentoo penguin (Pygoscelis papua)
263,PAL0809,263,Anvers,Biscoe,"Adult, 1 Egg Stage",N7A2,Yes,11/4/08,49.6,15.0,216.0,4750.0,MALE,8.26548,-26.7699,Nest never observed with full clutch.,Gentoo penguin (Pygoscelis papua)
264,PAL0809,264,Anvers,Biscoe,"Adult, 1 Egg Stage",N8A1,Yes,11/3/08,50.5,15.9,222.0,5550.0,MALE,8.46894,-26.60436,,Gentoo penguin (Pygoscelis papua)
265,PAL0809,265,Anvers,Biscoe,"Adult, 1 Egg Stage",N8A2,Yes,11/3/08,43.6,13.9,217.0,4900.0,FEMALE,8.27141,-26.7765,Nest never observed with full clutch.,Gentoo penguin (Pygoscelis papua)
266,PAL0809,266,Anvers,Biscoe,"Adult, 1 Egg Stage",N11A1,No,11/9/08,45.5,13.9,210.0,4200.0,FEMALE,8.47829,-26.61788,Nest never observed with full clutch.,Gentoo penguin (Pygoscelis papua)
267,PAL0809,267,Anvers,Biscoe,"Adult, 1 Egg Stage",N11A2,No,11/9/08,50.5,15.9,225.0,5400.0,,8.65803,-26.57585,Nest never observed with full clutch.,Gentoo penguin (Pygoscelis papua)
268,PAL0809,268,Anvers,Biscoe,"Adult, 1 Egg Stage",N12A1,Yes,11/2/08,44.9,13.3,213.0,5100.0,FEMALE,8.45167,-26.89644,Nest never observed with full clutch.,Gentoo penguin (Pygoscelis papua)
269,PAL0809,269,Anvers,,"Adult, 1 Egg Stage",N12A2,Yes,11/2/08,45.2,15.8,215.0,5300.0,MALE,8.55868,-26.67799,Nest never observed with full clutch.,Gentoo penguin (Pygoscelis papua)
270,PAL0809,270,Anvers,Biscoe,"Adult, 1 Egg Stage",N13A1,Yes,11/4/08,46.6,14.2,210.0,4850.0,FEMALE,8.38289,-26.86352,Nest never observed with full clutch.,Gentoo penguin (Pygoscelis papua)
271,PAL0809,271,Anvers,Biscoe,"Adult, 1 Egg Stage",N13A2,Yes,11/4/08,48.5,14.1,220.0,5300.0,MALE,8.39867,-26.79358,Nest never observed with full clutch.,Gentoo penguin (Pygoscelis papua)
272,PAL0809,272,Anvers,Biscoe,"Adult, 1 Egg Stage",N14A1,Yes,11/4/08,45.1,14.4,210.0,4400.0,FEMALE,8.51951,-27.01854,Nest never observed with full clutch.,Gentoo penguin (Pygoscelis papua)
273,PAL0809,273,Anvers,Biscoe,"Adult, 1 Egg Stage",N14A2,Yes,11/4/08,50.1,15.0,225.0,5000.0,MALE,8.50153,-26.61414,Nest never observed with full clutch.,Gentoo penguin (Pygoscelis papua)
274,PAL0809,274,Anvers,Biscoe,"Adult, 1 Egg Stage",N15A1,Yes,11/4/08,46.5,14.4,217.0,4900.0,FEMALE,8.48789,-26.83006,,Gentoo penguin (Pygoscelis papua)
275,PAL0809,275,Anvers,Biscoe,"Adult, 1 Egg Stage",N15A2,Yes,11/4/08,45.0,15.4,220.0,5050.0,MALE,8.63488,-26.75621,Nest never observed with full clutch.,Gentoo penguin (Pygoscelis papua)
276,PAL0809,276,Anvers,,"Adult, 1 Egg Stage",,Yes,11/3/08,43.8,13.9,208.0,4300.0,FEMALE,8.58319,-26.84415,Nest never observed with full clutch.,Gentoo penguin (Pygoscelis papua)
277,PAL0809,277,Anvers,Biscoe,"Adult, 1 Egg Stage",N16A2,Yes,11/3/08,45.5,15.0,220.0,5000.0,MALE,8.63604,-26.7489,,Gentoo penguin (Pygoscelis papua)
278,PAL0809,278,Anvers,Biscoe,"Adult, 1 Egg Stage",N17A1,Yes,11/6/08,43.2,14.5,208.0,4450.0,FEMALE,8.48367,-26.86485,Nest never observed with full clutch.,Gentoo penguin (Pygoscelis papua)
279,PAL0809,279,Anvers,Biscoe,"Adult, 1 Egg Stage",N17A2,Yes,11/6/08,50.4,15.3,224.0,5550.0,MALE,8.74647,-26.79846,Nest never observed with full clutch.,Gentoo penguin (Pygoscelis papua)
280,PAL0809,280,Anvers,Biscoe,"Adult, 1 Egg Stage",N18A1,Yes,11/3/08,45.3,13.8,208.0,4200.0,FEMALE,8.65015,-26.79053,Nest never observed with full clutch.,Gentoo penguin (Pygoscelis papua)
281,PAL0809,281,Anvers,Biscoe,"Adult, 1 Egg Stage",N18A2,Yes,11/3/08,46.2,14.9,221.0,5300.0,MALE,8.60092,-26.84374,Nest never observed with full clutch.,Gentoo penguin (Pygoscelis papua)
282,PAL0809,282,Anvers,Biscoe,"Adult, 1 Egg Stage",N19A1,Yes,11/13/08,45.7,13.9,214.0,4400.0,FEMALE,8.6287,-26.60484,Nest never observed with full clutch.,Gentoo penguin (Pygoscelis papua)
283,PAL0809,283,Anvers,Biscoe,"Adult, 1 Egg Stage",N19A2,Yes,11/13/08,54.3,15.7,231.0,5650.0,MALE,8.49662,-26.84166,Nest never observed with full clutch.,Gentoo penguin (Pygoscelis papua)
284,PAL0809,284,Anvers,Biscoe,"Adult, 1 Egg Stage",N20A1,Yes,11/4/08,45.8,14.2,219.0,4700.0,FEMALE,8.60447,-26.61601,,Gentoo penguin (Pygoscelis papua)
285,PAL0809,285,Anvers,Biscoe,"Adult, 1 Egg Stage",N20A2,Yes,11/4/08,49.8,16.8,230.0,5700.0,MALE,8.47067,-26.69166,,Gentoo penguin (Pygoscelis papua)
286,PAL0809,286,Anvers,Biscoe,"Adult, 1 Egg Stage",,Yes,11/9/08,46.2,14.4,214.0,4650.0,MALE,8.24253,-26.8154,Nest never observed with full clutch.,Gentoo penguin (Pygoscelis papua)
287,PAL0809,287,Anvers,Biscoe,"Adult, 1 Egg Stage",,Yes,11/9/08,49.5,16.2,229.0,5800.0,MALE,8.49854,-26.74809,Nest never observed with full clutch.,Gentoo penguin (Pygoscelis papua)
288,PAL0809,288,Anvers,Biscoe,"Adult, 1 Egg Stage",N53A1,Yes,11/13/08,43.5,14.2,220.0,4700.0,FEMALE,8.64931,-26.68867,Nest never observed with full clutch.,Gentoo penguin (Pygoscelis papua)
289,PAL0809,289,Anvers,Biscoe,"Adult, 1 Egg Stage",N53A2,,11/13/08,50.7,15.0,223.0,5550.0,MALE,8.63551,-26.74249,Nest never observed with full clutch.,Gentoo penguin (Pygoscelis papua)
290,PAL0809,290,Anvers,Biscoe,"Adult, 1 Egg Stage",N54A1,Yes,11/3/08,47.7,15.0,216.0,4750.0,,8.53018,-26.72751,Nest never observed with full clutch.,Gentoo penguin (Pygoscelis papua)
291,PAL0809,291,Anvers,Biscoe,"Adult, 1 Egg Stage",N54A2,Yes,11/3/08,46.4,15.6,221.0,5000.0,MALE,8.35078,-26.70783,Nest never observed with full clutch.,Gentoo penguin (Pygoscelis papua)
292,PAL0809,292,Anvers,Biscoe,"Adult, 1 Egg Stage",N55A1,Yes,11/9/08,48.2,15.6,221.0,5100.0,MALE,8.24651,-26.66958,Nest never observed with full clutch.,Gentoo penguin (Pygoscelis papua)
293,PAL0809,293,Anvers,Biscoe,"Adult, 1 Egg Stage",N55A2,Yes,11/9/08,46.5,14.8,217.0,5200.0,FEMALE,8.58487,-26.5929,Nest never observed with full clutch.,Gentoo penguin (Pygoscelis papua)
294,PAL0809,294,Anvers,Biscoe,"Adult, 1 Egg Stage",N56A1,Yes,11/6/08,46.4,15.0,216.0,4700.0,FEMALE,8.47938,-26.9547,Nest never observed with full clutch.,Gentoo penguin (Pygoscelis papua)
295,PAL0809,295,Anvers,Biscoe,"Adult, 1 Egg Stage",N56A2,Yes,11/6/08,48.6,16.0,230.0,5800.0,MALE,8.5964,-26.71199,Nest never observed with full clutch.,Gentoo penguin (Pygoscelis papua)
296,PAL0809,296,Anvers,Biscoe,"Adult, 1 Egg Stage",,Yes,11/6/08,47.5,14.2,209.0,4600.0,,8.39299,-26.78733,Nest never observed with full clutch.,Gentoo penguin (Pygoscelis papua)
297,PAL0809,297,Anvers,Biscoe,"Adult, 1 Egg Stage",N58A2,Yes,11/6/08,51.1,16.3,220.0,6000.0,MALE,8.40327,-26.76821,Nest never observed with full clutch.,Gentoo penguin (Pygoscelis papua)
298,PAL0809,298,Anvers,Biscoe,"Adult, 1 Egg Stage",N60A1,Yes,11/9/08,45.2,13.8,215.0,4750.0,FEMALE,8.24694,-26.65359,Nest never observed with full clutch.,Gentoo penguin (Pygoscelis papua)
299,PAL0809,299,Anvers,Biscoe,"Adult, 1 Egg Stage",N60A2,Yes,11/9/08,45.2,16.4,223.0,5950.0,MALE,8.19749,-26.65931,Nest never observed with full clutch.,Gentoo penguin (Pygoscelis papua)
300,PAL0910,300,Anvers,Biscoe,"Adult, 1 Egg Stage",N1A1,Yes,11/18/09,49.1,14.5,212.0,4625.0,FEMALE,8.35802,-26.2766,Nest never observed with full clutch.,Gentoo penguin (Pygoscelis papua)
301,PAL0910,301,Anvers,Biscoe,"Adult, 1 Egg Stage",N1A2,Yes,11/18/09,52.5,15.6,221.0,5450.0,MALE,8.28601,-26.27573,,Gentoo penguin (Pygoscelis papua)
302,PAL0910,302,Anvers,Biscoe,"Adult, 1 Egg Stage",,Yes,11/15/09,47.4,14.6,212.0,4725.0,FEMALE,10.648313000000002,-26.24369,Nest never observed with full clutch.,Gentoo penguin (Pygoscelis papua)
303,PAL0910,303,Anvers,Biscoe,"Adult, 1 Egg Stage",N6A2,Yes,11/15/09,50.0,15.9,224.0,5350.0,MALE,8.20042,-26.39677,Nest never observed with full clutch.,Gentoo penguin (Pygoscelis papua)
304,PAL0910,304,Anvers,Biscoe,"Adult, 1 Egg Stage",N8A1,Yes,11/22/09,44.9,13.8,212.0,4750.0,FEMALE,8.11238,-26.20372,Nest never observed with full clutch.,Gentoo penguin (Pygoscelis papua)
305,PAL0910,305,Anvers,Biscoe,"Adult, 1 Egg Stage",,Yes,11/22/09,50.8,17.3,228.0,5600.0,MALE,8.27428,-26.30019,Nest never observed with full clutch.,Gentoo penguin (Pygoscelis papua)
306,PAL0910,306,Anvers,Biscoe,"Adult, 1 Egg Stage",N13A1,Yes,11/20/09,43.4,14.4,218.0,4600.0,FEMALE,8.23468,-26.18599,Nest never observed with full clutch.,Gentoo penguin (Pygoscelis papua)
307,PAL0910,307,Anvers,Biscoe,"Adult, 1 Egg Stage",N13A2,Yes,11/20/09,51.3,14.2,218.0,5300.0,MALE,8.15426,-26.3433,,Gentoo penguin (Pygoscelis papua)
308,PAL0910,308,Anvers,Biscoe,"Adult, 1 Egg Stage",N14A1,Yes,11/25/09,47.5,14.0,212.0,4875.0,FEMALE,8.12691,-26.23613,Nest never observed with full clutch.,Gentoo penguin (Pygoscelis papua)
309,PAL0910,309,Anvers,Biscoe,"Adult, 1 Egg Stage",N14A2,Yes,11/25/09,52.1,17.0,230.0,5550.0,MALE,8.27595,-26.11657,Nest never observed with full clutch.,Gentoo penguin (Pygoscelis papua)
310,PAL0910,310,Anvers,Biscoe,"Adult, 1 Egg Stage",N15A1,Yes,11/25/09,47.5,15.0,218.0,4950.0,FEMALE,8.29671,-26.08547,Nest never observed with full clutch.,Gentoo penguin (Pygoscelis papua)
311,PAL0910,311,Anvers,Biscoe,"Adult, 1 Egg Stage",N15A2,Yes,11/25/09,52.2,17.1,228.0,5400.0,MALE,8.36701,-25.89834,Nest never observed with full clutch.,Gentoo penguin (Pygoscelis papua)
312,PAL0910,312,Anvers,,"Adult, 1 Egg Stage",N18A1,Yes,12/1/09,45.5,14.5,212.0,4750.0,FEMALE,8.15566,-26.22848,Nest never observed with full clutch.,Gentoo penguin (Pygoscelis papua)
313,PAL0910,313,Anvers,Biscoe,"Adult, 1 Egg Stage",,Yes,12/1/09,49.5,16.1,224.0,5650.0,MALE,8.83352,-25.69195,Nest never observed with full clutch.,Gentoo penguin (Pygoscelis papua)
314,PAL0910,314,Anvers,Biscoe,"Adult, 1 Egg Stage",N19A1,Yes,11/27/09,44.5,14.7,214.0,4850.0,,8.20106,-26.16524,Nest never observed with full clutch.,Gentoo penguin (Pygoscelis papua)
315,PAL0910,315,Anvers,Biscoe,"Adult, 1 Egg Stage",N19A2,Yes,11/27/09,50.8,15.7,226.0,5200.0,MALE,8.27102,-26.11244,Nest never observed with full clutch.,Gentoo penguin (Pygoscelis papua)
316,PAL0910,316,Anvers,Biscoe,"Adult, 1 Egg Stage",N20A1,Yes,11/18/09,49.4,15.8,216.0,4925.0,MALE,8.03624,-26.06594,Nest never observed with full clutch.,Gentoo penguin (Pygoscelis papua)
317,PAL0910,317,Anvers,Biscoe,"Adult, 1 Egg Stage",N20A2,Yes,11/18/09,46.9,14.6,222.0,4875.0,FEMALE,10.254529999999999,-26.04726,Nest never observed with full clutch.,Gentoo penguin (Pygoscelis papua)
318,PAL0910,318,Anvers,Biscoe,"Adult, 1 Egg Stage",N21A1,Yes,11/18/09,48.4,14.4,203.0,4625.0,FEMALE,8.16582,-26.13971,Nest never observed with full clutch.,Gentoo penguin (Pygoscelis papua)
319,PAL0910,319,Anvers,Biscoe,"Adult, 1 Egg Stage",N21A2,Yes,11/18/09,51.1,16.5,225.0,5250.0,MALE,8.2066,-26.36863,Nest never observed with full clutch.,Gentoo penguin (Pygoscelis papua)
320,PAL0910,320,Anvers,Biscoe,"Adult, 1 Egg Stage",N22A1,Yes,11/22/09,48.5,15.0,219.0,4850.0,FEMALE,8.10231,-26.18763,Nest never observed with full clutch.,Gentoo penguin (Pygoscelis papua)
321,PAL0910,321,Anvers,Biscoe,"Adult, 1 Egg Stage",N22A2,Yes,11/22/09,55.9,17.0,228.0,5600.0,MALE,8.3118,-26.35425,Nest never observed with full clutch.,Gentoo penguin (Pygoscelis papua)
322,PAL0910,322,Anvers,Biscoe,,N23A1,Yes,11/18/09,47.2,15.5,215.0,4975.0,FEMALE,8.30817,-26.21651,Nest never observed with full clutch.,Gentoo penguin (Pygoscelis papua)
323,PAL0910,323,Anvers,Biscoe,"Adult, 1 Egg Stage",N23A2,Yes,11/18/09,49.1,15.0,228.0,5500.0,MALE,8.65914,-25.79203,Nest never observed with full clutch.,Gentoo penguin (Pygoscelis papua)
324,PAL0910,324,Anvers,Biscoe,"Adult, 1 Egg Stage",N24A1,Yes,12/1/09,47.3,13.8,216.0,4725.0,MALE,8.25818,-26.23886,Nest never observed with full clutch.,Gentoo penguin (Pygoscelis papua)
325,PAL0910,325,Anvers,Biscoe,"Adult, 1 Egg Stage",N24A2,Yes,12/1/09,46.8,16.1,215.0,5500.0,,8.32359,-26.05756,Nest never observed with full clutch.,Gentoo penguin (Pygoscelis papua)
326,PAL0910,326,Anvers,Biscoe,"Adult, 1 Egg Stage",N28A1,Yes,11/10/09,41.7,14.7,210.0,4700.0,FEMALE,8.12311,-26.44815,Nest never observed with full clutch.,Gentoo penguin (Pygoscelis papua)
327,PAL0910,327,Anvers,Biscoe,"Adult, 1 Egg Stage",N28A2,Yes,11/10/09,53.4,15.8,219.0,5500.0,MALE,8.41017,-26.33867,Nest never observed with full clutch.,Gentoo penguin (Pygoscelis papua)
328,PAL0910,328,Anvers,Biscoe,"Adult, 1 Egg Stage",N29A1,Yes,11/9/09,43.3,14.0,208.0,4575.0,FEMALE,8.4207,-26.38092,Nest never observed with full clutch.,Gentoo penguin (Pygoscelis papua)
329,PAL0910,329,Anvers,Biscoe,"Adult, 1 Egg Stage",N29A2,Yes,11/9/09,48.1,15.1,209.0,5500.0,MALE,8.45738,-26.22664,Nest never observed with full clutch.,Gentoo penguin (Pygoscelis papua)
330,PAL0910,330,Anvers,Biscoe,"Adult, 1 Egg Stage",,Yes,11/20/09,50.5,15.2,216.0,5000.0,FEMALE,8.24691,-26.18466,Nest never observed with full clutch.,Gentoo penguin (Pygoscelis papua)
331,PAL0910,331,Anvers,Biscoe,"Adult, 1 Egg Stage",N32A2,Yes,11/20/09,49.8,15.9,229.0,5950.0,MALE,8.29226,-26.21019,Nest never observed with full clutch.,Gentoo penguin (Pygoscelis papua)
332,PAL0910,332,Anvers,Biscoe,"Adult, 1 Egg Stage",N34A1,Yes,11/27/09,43.5,15.2,213.0,4650.0,,8.21634,-26.11046,Nest never observed with full clutch.,Gentoo penguin (Pygoscelis papua)
333,PAL0910,333,Anvers,Biscoe,"Adult, 1 Egg Stage",N34A2,Yes,11/27/09,51.5,16.3,230.0,5500.0,MALE,8.78557,-25.76147,Nest never observed with full clutch.,Gentoo penguin (Pygoscelis papua)
334,PAL0910,334,Anvers,Biscoe,"Adult, 1 Egg Stage",N35A1,Yes,11/25/09,46.2,14.1,217.0,4375.0,FEMALE,8.30231,-25.96013,Nest never observed with full clutch.,Gentoo penguin (Pygoscelis papua)
335,PAL0910,335,Anvers,Biscoe,"Adult, 1 Egg Stage",N35A2,Yes,11/25/09,55.1,16.0,230.0,5850.0,MALE,8.08354,-26.18161,Nest never observed with full clutch.,Gentoo penguin (Pygoscelis papua)
336,PAL0910,336,Anvers,Biscoe,"Adult, 1 Egg Stage",N36A1,Yes,12/1/09,44.5,15.7,217.0,4875.0,.,8.04111,-26.18444,Nest never observed with full clutch.,Gentoo penguin (Pygoscelis papua)
337,PAL0910,337,Anvers,,"Adult, 1 Egg Stage",N36A2,Yes,12/1/09,48.8,16.2,222.0,6000.0,MALE,8.33825,-25.88547,Nest never observed with full clutch.,Gentoo penguin (Pygoscelis papua)
338,PAL0910,338,Anvers,,"Adult, 1 Egg Stage",,No,12/1/09,47.2,13.7,214.0,4925.0,FEMALE,7.99184,-26.20538,Nest never observed with full clutch.,Gentoo penguin (Pygoscelis papua)
339,PAL0910,339,Anvers,Biscoe,"Adult, 1 Egg Stage",N38A2,No,12/1/09,41.1,17.0,190.0,3800.0,MALE,7.6322,-27.01854,Nest never observed with full clutch.,Gentoo penguin (Pygoscelis papua)
340,PAL0910,340,Anvers,Biscoe,"Adult, 1 Egg Stage",N39A1,Yes,11/22/09,46.8,14.3,215.0,4850.0,FEMALE,8.41151,-26.13832,Nest never observed with full clutch.,Gentoo penguin (Pygoscelis papua)
341,PAL0910,341,Anvers,Biscoe,"Adult, 1 Egg Stage",N39A2,Yes,11/22/09,50.4,15.7,222.0,5750.0,MALE,8.30166,-26.04117,Nest never observed with full clutch.,Gentoo penguin (Pygoscelis papua)
342,PAL0910,342,Anvers,Biscoe,"Adult, 1 Egg Stage",N43A1,Yes,11/22/09,45.2,14.8,212.0,5200.0,,8.24246,-26.11969,Nest never observed with full clutch.,Gentoo penguin (Pygoscelis papua)
343,PAL0910,343,Anvers,Biscoe,"Adult, 1 Egg Stage",N43A2,Yes,11/22/09,49.9,16.1,213.0,5400.0,MALE,8.3639,-26.15531,Nest never observed with full clutch.,Gentoo penguin (Pygoscelis papua)
344,PAL0809,344,Anvers,Dream,"Adult, 1 Egg Stage",N70A1,Yes,11/22/07,45.207689432639135,17.139560603849194,188.21977282678637,3579.945075481149,FEMALE,9.12277,-24.90024,Nest never observed with full clutch.,Chinstrap penguin (Pygoscelis antarctica)
345,PAL0910,345,Anvers,Dream,"Adult, 1 Egg Stage",N89A1,Yes,11/21/09,42.5,17.255269613792137,187.0,3350.0,FEMALE,9.74144,-24.48403,Nest never observed with full clutch.,Chinstrap penguin (Pygoscelis antarctica)
346,PAL0910,346,Anvers,Dream,"Adult, 1 Egg Stage",N61A1,Yes,11/27/09,50.47377387320103,18.388198242940465,199.88198242940464,3400.0,FEMALE,9.46819,-23.89017,Nest never observed with full clutch.,Chinstrap penguin (Pygoscelis antarctica)
347,PAL0708,347,Anvers,Dream,"Adult, 1 Egg Stage",N62A2,Yes,11/23/09,48.8345301233273,18.258367153944988,193.86122384648328,3594.306119232416,FEMALE,9.75486,-24.805,Nest never observed with full clutch.,Chinstrap penguin (Pygoscelis antarctica)
348,PAL0809,348,Anvers,Dream,"Adult, 1 Egg Stage",N72A2,Yes,11/30/07,51.443596091704315,20.20321079616457,207.01926477698743,4720.513727386331,MALE,9.34089,-24.45189,Nest never observed with full clutch.,Chinstrap penguin (Pygoscelis antarctica)
349,PAL0708,349,Anvers,Dream,"Adult, 1 Egg Stage",N67A2,Yes,11/26/07,52.69226903602696,19.80055221171236,197.0055221171236,3724.86194707191,FEMALE,9.37369,-24.52896,Nest never observed with full clutch.,Chinstrap penguin (Pygoscelis antarctica)
350,PAL0809,350,Anvers,,"Adult, 1 Egg Stage",N67A1,Yes,11/23/09,45.25411499959192,17.136907714309036,188.3391528560935,3579.613464288629,FEMALE,9.65061,-24.48153,Nest never observed with full clutch.,Chinstrap penguin (Pygoscelis antarctica)
351,PAL0910,351,Anvers,Dream,"Adult, 1 Egg Stage",N71A1,Yes,11/21/09,47.68960028138667,16.839713984228574,197.82742937539047,3317.6714335961906,FEMALE,9.36668,-24.60882,Nest never observed with full clutch.,Chinstrap penguin (Pygoscelis antarctica)
352,PAL0708,352,Anvers,Dream,"Adult, 1 Egg Stage",N95A2,Yes,11/22/07,46.96336129257867,17.56908494711393,196.0,3513.5496415979505,FEMALE,9.36493,-24.31198,Nest never observed with full clutch.,Chinstrap penguin (Pygoscelis antarctica)
353,PAL0708,353,Anvers,Dream,"Adult, 1 Egg Stage",N92A2,,11/21/09,50.95425406933719,18.84574593066281,204.6011075731984,4100.0,MALE,9.8059,-24.59066,Nest never observed with full clutch.,Chinstrap penguin (Pygoscelis antarctica)
354,PAL0708,354,Anvers,Dream,"Adult, 1 Egg Stage",N69A1,Yes,11/21/07,57.50390083338159,17.955493768641592,182.25875907947955,3700.0,FEMALE,9.37369,-24.52896,Nest never observed with full clutch.,Chinstrap penguin (Pygoscelis antarctica)
355,PAL0809,355,Anvers,Dream,"Adult, 1 Egg Stage",N72A2,Yes,11/24/08,50.49047662275938,18.84523831137969,198.58465728544272,4453.7698592816405,MALE,9.34089,-24.45189,Nest never observed with full clutch.,Chinstrap penguin (Pygoscelis antarctica)
356,PAL0708,356,Anvers,Dream,"Adult, 1 Egg Stage",N88A1,Yes,11/28/07,41.502519109530674,16.785390495240208,185.95717846427382,3205.7934529762565,FEMALE,9.6895,-24.78984,Nest never observed with full clutch.,Chinstrap penguin (Pygoscelis antarctica)
357,PAL0910,357,Anvers,,"Adult, 1 Egg Stage",N73A2,Yes,11/27/09,44.45827601887085,18.141068972237324,201.7262068517512,3400.0,FEMALE,9.42666,-24.64162,Nest never observed with full clutch.,Chinstrap penguin (Pygoscelis antarctica)
358,PAL0809,358,Anvers,Dream,"Adult, 1 Egg Stage",N72A2,Yes,11/24/08,53.67261737755858,20.498638501462047,202.50680749268977,4394.1754682931105,,12.053054000000001,-24.35575,Nest never observed with full clutch.,Chinstrap penguin (Pygoscelis antarctica)
359,PAL0910,359,Anvers,Dream,"Adult, 1 Egg Stage",N88A2,Yes,11/23/09,48.15668190189586,16.96325723479371,191.31628617396854,3658.2724506213162,,9.32169,-24.31912,Nest never observed with full clutch.,Chinstrap penguin (Pygoscelis antarctica)
360,PAL0809,360,Anvers,,"Adult, 1 Egg Stage",N64A2,Yes,11/25/08,51.247459959313545,19.03177917514301,201.5720251525742,3950.0,,8.92069,-25.1455,Nest never observed with full clutch.,Chinstrap penguin (Pygoscelis antarctica)
361,PAL0910,361,Anvers,,"Adult, 1 Egg Stage",,No,11/21/09,50.2,18.768901767828435,200.75607071313735,3792.2254419571086,MALE,9.4618,-24.70615,,Chinstrap penguin (Pygoscelis antarctica)
362,PAL0708,362,Anvers,Dream,"Adult, 1 Egg Stage",N85A1,Yes,11/28/07,44.94890006783952,16.6,190.37408338986626,2862.5916610133736,FEMALE,8.85664,-24.54903,Nest never observed with full clutch.,Chinstrap penguin (Pygoscelis antarctica)
363,PAL0809,363,Anvers,Dream,"Adult, 1 Egg Stage",N75A2,Yes,11/27/09,50.95966949682529,18.508157528664775,199.1888185350142,3413.519691083097,FEMALE,9.36493,-24.66259,Nest never observed with full clutch.,Chinstrap penguin (Pygoscelis antarctica)
364,PAL0910,364,Anvers,Dream,"Adult, 1 Egg Stage",,Yes,11/27/09,42.5,17.082534482813127,187.0,3350.0,FEMALE,9.56534,-24.48403,Nest never observed with full clutch.,Chinstrap penguin (Pygoscelis antarctica)
365,PAL0910,365,Anvers,Dream,"Adult, 1 Egg Stage",N74A2,Yes,11/23/09,49.337572244562935,17.2661638227729,197.661638227729,3672.180318564408,FEMALE,9.32169,-24.41562,Nest never observed with full clutch.,Chinstrap penguin (Pygoscelis antarctica)
366,PAL0708,366,Anvers,Dream,"Adult, 1 Egg Stage",N69A1,Yes,11/14/08,52.03889910477327,19.044456119740882,197.0,3736.805373129049,FEMALE,11.336481000000001,-24.80526,Nest never observed with full clutch.,Chinstrap penguin (Pygoscelis antarctica)
367,PAL0910,367,Anvers,Dream,"Adult, 1 Egg Stage",,No,11/21/09,47.430272222745515,16.50763482134447,197.56486904874038,3327.9898561484574,FEMALE,9.56534,-24.40753,Nest never observed with full clutch.,Chinstrap penguin (Pygoscelis antarctica)
368,PAL0708,368,Anvers,Dream,"Adult, 1 Egg Stage",N67A1,Yes,11/24/08,52.70887289355957,20.455893744667595,204.15430734054706,4300.0,MALE,8.47173,-24.59996,,Chinstrap penguin (Pygoscelis antarctica)
369,PAL0708,369,Anvers,Dream,"Adult, 1 Egg Stage",N69A1,Yes,11/17/09,52.36509906806366,19.82392149513831,197.2392149513831,3719.0196262154222,FEMALE,9.14382,-24.61867,Nest never observed with full clutch.,Chinstrap penguin (Pygoscelis antarctica)
370,PAL0708,370,Anvers,,"Adult, 1 Egg Stage",,Yes,11/28/07,51.082595082673556,19.794850522187453,193.4387228024305,3789.031929939237,MALE,9.28153,-24.25255,Nest never observed with full clutch.,Chinstrap penguin (Pygoscelis antarctica)
371,PAL0910,371,Anvers,Dream,"Adult, 1 Egg Stage",N92A2,Yes,11/21/09,51.77096717995456,18.26032297403181,201.45806564009087,4061.451641002272,MALE,9.8059,-24.68741,Nest never observed with full clutch.,Chinstrap penguin (Pygoscelis antarctica)
372,PAL0809,372,Anvers,Dream,"Adult, 1 Egg Stage",N72A2,Yes,11/27/09,51.40744528436273,19.61364968799834,205.55583963272048,4627.171541272463,MALE,9.45827,-24.69638,Nest never observed with full clutch.,Chinstrap penguin (Pygoscelis antarctica)
373,PAL0708,373,Anvers,Dream,"Adult, 1 Egg Stage",N73A2,Yes,11/21/09,42.5,16.986360302370805,187.0,3350.0,FEMALE,9.46929,-24.45721,Nest never observed with full clutch.,Chinstrap penguin (Pygoscelis antarctica)
374,PAL0809,374,Anvers,Dream,"Adult, 1 Egg Stage",N72A2,Yes,11/17/09,50.717376944924354,20.229704879805595,210.8550820367171,4586.229490820725,MALE,9.25177,-24.35575,Nest never observed with full clutch.,Chinstrap penguin (Pygoscelis antarctica)
375,PAL0708,375,Anvers,Dream,"Adult, 1 Egg Stage",,Yes,11/22/07,49.74067060279056,18.61525147604646,194.9491617465118,3601.2709563372046,,9.35138,-24.6879,Nest never observed with full clutch.,Chinstrap penguin (Pygoscelis antarctica)
376,PAL0708,376,Anvers,Dream,"Adult, 1 Egg Stage",N95A1,No,11/21/09,47.03156570797322,17.97262628318929,193.0,3800.0,MALE,9.74492,-24.404,Nest never observed with full clutch.,Chinstrap penguin (Pygoscelis antarctica)
377,PAL0708,377,Anvers,Dream,"Adult, 1 Egg Stage",N95A1,No,11/21/09,46.69428755706021,17.812571674274693,193.0,3799.2142703578315,MALE,9.4618,-24.404,Nest never observed with full clutch.,Chinstrap penguin (Pygoscelis antarctica)
378,PAL0708,378,Anvers,Dream,"Adult, 1 Egg Stage",N89A1,Yes,11/28/07,50.73630750648346,19.527333534642914,193.3641041126378,3281.820520563189,,9.08458,-24.54903,Nest never observed with full clutch.,Chinstrap penguin (Pygoscelis antarctica)
379,PAL0910,379,Anvers,Dream,"Adult, 1 Egg Stage",N96A1,Yes,11/21/09,54.60544727190996,19.265594832170244,205.11386411354204,4015.717799053816,MALE,9.93727,-24.59513,,Chinstrap penguin (Pygoscelis antarctica)
380,PAL0910,380,Anvers,Dream,"Adult, 1 Egg Stage",N72A1,Yes,11/27/09,46.94000516184708,18.247428792650588,201.0171413823294,3400.0,FEMALE,9.46819,-24.40753,Nest never observed with full clutch.,Chinstrap penguin (Pygoscelis antarctica)
381,PAL0910,381,Anvers,Dream,"Adult, 1 Egg Stage",N98A1,Yes,11/26/07,45.8016768786813,16.953783236963048,194.44539884355655,3650.0,FEMALE,9.61734,-24.66188,Nest never observed with full clutch.,Chinstrap penguin (Pygoscelis antarctica)
382,PAL0910,382,Anvers,Dream,"Adult, 1 Egg Stage",N73A2,Yes,11/27/09,49.47790186048961,18.449858445829776,197.50707770851125,3412.464611457444,FEMALE,9.32105,-24.64162,Nest never observed with full clutch.,Chinstrap penguin (Pygoscelis antarctica)
383,PAL0708,383,Anvers,Dream,"Adult, 1 Egg Stage",N66A2,Yes,11/14/08,52.12546390775012,19.841038292303562,197.41038292303563,3714.740426924109,FEMALE,8.72037,-24.57994,Nest never observed with full clutch.,Chinstrap penguin (Pygoscelis antarctica)
384,PAL0708,384,Anvers,Dream,"Adult, 1 Egg Stage",N85A2,Yes,11/28/07,50.88443693552318,18.2,196.0222045541722,3756.1112215364237,MALE,8.63701,-24.25255,Nest never observed with full clutch.,Chinstrap penguin (Pygoscelis antarctica)
385,PAL0910,385,Anvers,Dream,"Adult, 1 Egg Stage",N92A2,Yes,11/21/09,50.931360550352515,19.005918348942462,203.0,4088.5600917254187,MALE,9.8059,-24.38933,Nest never observed with full clutch.,Chinstrap penguin (Pygoscelis antarctica)
386,PAL0708,386,Anvers,Dream,"Adult, 1 Egg Stage",N90A1,Yes,11/27/09,42.96187945897276,17.31539598196576,187.30791963931517,3353.84899549144,FEMALE,12.663872000000001,-24.48403,Nest never observed with full clutch.,Chinstrap penguin (Pygoscelis antarctica)
387,PAL0708,387,Anvers,Dream,"Adult, 1 Egg Stage",N64A1,Yes,11/21/07,55.942764684312245,17.828975145291377,185.34627179370653,3692.7562136771558,FEMALE,8.72037,-24.80526,Nest never observed with full clutch.,Chinstrap penguin (Pygoscelis antarctica)
388,PAL0910,388,Anvers,Dream,"Adult, 1 Egg Stage",,Yes,11/21/09,55.17123697970938,19.7516336138238,206.838778712746,3991.9389356373,MALE,7.6322,-23.78767,Nest never observed with full clutch.,Chinstrap penguin (Pygoscelis antarctica)
389,PAL0910,389,Anvers,Dream,"Adult, 1 Egg Stage",N86A1,Yes,11/19/09,50.92812093906297,17.991393051954653,195.78909295702772,3673.242441308564,FEMALE,9.65061,-24.48153,Nest never observed with full clutch.,Chinstrap penguin (Pygoscelis antarctica)
390,PAL0708,390,Anvers,Dream,"Adult, 1 Egg Stage",,Yes,11/28/07,47.13614995035215,18.295939810217792,179.72691658392026,3250.0,FEMALE,8.85664,-24.55644,,Chinstrap penguin (Pygoscelis antarctica)
391,PAL0910,391,Anvers,Dream,"Adult, 1 Egg Stage",N73A1,Yes,11/22/07,46.396744132161466,16.79327699479166,190.4663849739583,3631.670187825521,FEMALE,9.35138,-24.6879,Nest never observed with full clutch.,Chinstrap penguin (Pygoscelis antarctica)
392,PAL0708,392,Anvers,Dream,"Adult, 1 Egg Stage",N61A2,No,11/21/09,49.73725812467578,18.671460590187717,200.84314531168945,3800.0,MALE,8.68747,-24.404,Nest never observed with full clutch.,Chinstrap penguin (Pygoscelis antarctica)
393,PAL0910,393,Anvers,Dream,"Adult, 1 Egg Stage",N68A2,Yes,11/28/07,49.63742954617062,18.941101623069734,199.60734415379824,3795.0918019224778,MALE,9.63074,-24.84059,Nest never observed with full clutch.,Chinstrap penguin (Pygoscelis antarctica)
394,PAL0910,394,Anvers,Dream,"Adult, 1 Egg Stage",N75A2,Yes,11/27/09,46.418657005888605,18.469400958779776,190.37314011777207,3459.328502944302,FEMALE,9.46819,-24.45721,Nest never observed with full clutch.,Chinstrap penguin (Pygoscelis antarctica)
395,PAL0708,395,Anvers,Dream,"Adult, 1 Egg Stage",N70A1,Yes,11/19/09,45.7,17.032232300453007,194.78511799697995,3644.627949924499,FEMALE,12.156794000000001,-24.90024,Nest never observed with full clutch.,Chinstrap penguin (Pygoscelis antarctica)
396,PAL0910,396,Anvers,,"Adult, 1 Egg Stage",N71A1,Yes,11/23/09,48.36523741604573,19.17081603544817,188.24750259639737,3276.9671120957823,FEMALE,9.74144,-24.54704,Nest never observed with full clutch.,Chinstrap penguin (Pygoscelis antarctica)
397,PAL0910,397,Anvers,Dream,"Adult, 1 Egg Stage",,Yes,11/26/07,46.684464093098434,16.692559844835937,188.61488031032812,3650.0,FEMALE,9.26715,-24.31912,Nest never observed with full clutch.,Chinstrap penguin (Pygoscelis antarctica)
398,PAL0910,398,Anvers,,"Adult, 1 Egg Stage",N88A1,Yes,11/21/09,47.07407132027543,18.118208270160665,195.207817400153,3300.0,FEMALE,9.56534,-24.59467,,Chinstrap penguin (Pygoscelis antarctica)
399,PAL0708,399,Anvers,Dream,"Adult, 1 Egg Stage",N62A1,Yes,11/17/09,51.17279861001125,19.26399305005627,197.36399305005628,3692.0499131257034,FEMALE,9.37369,-24.57994,Nest never observed with full clutch.,Chinstrap penguin (Pygoscelis antarctica)
400,PAL0809,400,Anvers,Dream,"Adult, 1 Egg Stage",N95A2,Yes,11/14/08,46.378942883019555,17.98804153962214,191.5597923018893,3502.7512981131918,FEMALE,9.32105,-24.65786,Nest never observed with full clutch.,Chinstrap penguin (Pygoscelis antarctica)
401,PAL0910,401,Anvers,Dream,"Adult, 1 Egg Stage",N61A2,No,11/21/09,47.7624693289639,18.369837906354856,193.22793516254194,3794.3016209364514,MALE,9.74492,-24.404,,Chinstrap penguin (Pygoscelis antarctica)
402,PAL0910,402,Anvers,Dream,"Adult, 1 Egg Stage",,Yes,11/27/09,49.18337246180201,17.670843115450502,190.57289221137376,3400.0,FEMALE,8.9399,-24.40753,Nest never observed with full clutch.,Chinstrap penguin (Pygoscelis antarctica)
403,PAL0708,403,Anvers,Dream,"Adult, 1 Egg Stage",,Yes,11/21/07,50.25477932770851,19.409007382961246,196.90992617038754,3909.0992617038755,MALE,9.53262,-25.1455,,Chinstrap penguin (Pygoscelis antarctica)
404,PAL0910,404,Anvers,,"Adult, 1 Egg Stage",N86A1,Yes,11/17/09,49.38219174976903,17.188584466605075,196.74657524930709,3671.5182645814084,FEMALE,9.26715,-24.7557,Nest never observed with full clutch.,Chinstrap penguin (Pygoscelis antarctica)
405,PAL0910,405,Anvers,Dream,"Adult, 1 Egg Stage",N63A1,Yes,11/28/07,46.874277117034595,16.6,191.96523934734404,2701.390426106238,FEMALE,9.35416,-25.01185,Nest never observed with full clutch.,Chinstrap penguin (Pygoscelis antarctica)
406,PAL0708,406,Anvers,Dream,"Adult, 1 Egg Stage",N75A1,Yes,11/26/07,45.44892526974224,17.86827041438186,191.91402157937947,3512.768682564439,FEMALE,9.32105,-24.86594,Nest never observed with full clutch.,Chinstrap penguin (Pygoscelis antarctica)
407,PAL0708,407,Anvers,Dream,"Adult, 1 Egg Stage",N69A2,Yes,11/21/09,47.87834951416951,19.192187702204144,197.50446601889269,4108.258899685122,MALE,9.0233,-24.47142,Nest never observed with full clutch.,Chinstrap penguin (Pygoscelis antarctica)
408,PAL0910,408,Anvers,Dream,"Adult, 1 Egg Stage",,Yes,11/27/09,43.74380373863609,16.63336765685878,189.66529372564875,3344.4473047382317,FEMALE,9.74144,-24.60882,Nest never observed with full clutch.,Chinstrap penguin (Pygoscelis antarctica)
409,PAL0910,409,Anvers,Dream,"Adult, 1 Egg Stage",N96A1,Yes,11/25/08,49.28767688160084,19.44006731633316,208.92121169399687,3950.0,MALE,9.70465,-24.36202,Nest never observed with full clutch.,Chinstrap penguin (Pygoscelis antarctica)
410,PAL0910,410,Anvers,,"Adult, 1 Egg Stage",N94A2,Yes,11/21/09,52.42183737415851,19.733761517140362,204.3504606856145,4033.1192414298184,MALE,9.70465,-24.17282,Nest never observed with full clutch.,Chinstrap penguin (Pygoscelis antarctica)
411,PAL0809,411,Anvers,Dream,"Adult, 1 Egg Stage",N67A2,Yes,11/24/08,55.57734784525882,19.782872911173758,206.9429097039125,3997.145485195626,MALE,9.70465,-24.66867,Nest never observed with full clutch.,Chinstrap penguin (Pygoscelis antarctica)
412,PAL0708,412,Anvers,Dream,"Adult, 1 Egg Stage",N90A1,Yes,12/3/07,42.5,17.106078240787546,187.0,3350.0,FEMALE,9.74144,-24.59467,Nest never observed with full clutch.,Chinstrap penguin (Pygoscelis antarctica)
413,PAL0809,413,Anvers,Dream,"Adult, 1 Egg Stage",N70A1,Yes,11/21/09,48.09853064258582,18.01053969433893,196.0,3524.0604689128318,FEMALE,9.46985,-24.31198,Nest never observed with full clutch.,Chinstrap penguin (Pygoscelis antarctica)
414,PAL0910,414,Anvers,Dream,"Adult, 1 Egg Stage",N99A1,No,11/27/09,49.64664170956939,18.93086825202264,197.59396208220966,3307.4245260276207,FEMALE,9.56534,-24.60882,Nest never observed with full clutch.,Chinstrap penguin (Pygoscelis antarctica)
415,PAL0809,415,Anvers,Dream,"Adult, 1 Egg Stage",N72A2,Yes,11/24/08,50.90911119286212,20.300007437382778,210.72725920475858,4618.185198810353,MALE,9.27158,-24.69638,Nest never observed with full clutch.,Chinstrap penguin (Pygoscelis antarctica)
416,PAL0708,416,Anvers,Dream,"Adult, 1 Egg Stage",N75A2,Yes,11/14/08,45.405643583455806,18.71975254209533,188.16930750367425,3525.0,FEMALE,9.36493,-24.86594,Nest never observed with full clutch.,Chinstrap penguin (Pygoscelis antarctica)
417,PAL0708,417,Anvers,Dream,"Adult, 1 Egg Stage",N67A1,Yes,11/25/08,45.606539877818385,18.715021082023156,188.3004216404631,3525.9388176264474,FEMALE,9.75486,-24.31198,Nest never observed with full clutch.,Chinstrap penguin (Pygoscelis antarctica)
418,PAL0910,418,Anvers,,"Adult, 1 Egg Stage",N98A1,Yes,11/26/07,47.484089708709355,17.92802990290312,188.5106937749522,3650.0,,9.32169,-24.7557,Nest never observed with full clutch.,Chinstrap penguin (Pygoscelis antarctica)
419,PAL0708,419,Anvers,Dream,"Adult, 1 Egg Stage",N72A2,Yes,11/17/09,49.09944970117848,18.90385209175066,203.54677539982944,4349.7248505892385,MALE,9.49283,-24.64335,Nest never observed with full clutch.,Chinstrap penguin (Pygoscelis antarctica)
420,PAL0708,420,Anvers,Dream,"Adult, 1 Egg Stage",N68A2,Yes,11/21/09,50.2,18.730087830981677,199.20351323926707,3782.521957745419,MALE,9.4618,-24.38751,Nest never observed with full clutch.,Chinstrap penguin (Pygoscelis antarctica)
421,PAL0708,421,Anvers,Dream,"Adult, 1 Egg Stage",N85A2,No,11/21/09,47.625425779758885,18.084840494377467,195.5635644493972,3800.0,MALE,9.74492,-24.97134,Nest never observed with full clutch.,Chinstrap penguin (Pygoscelis antarctica)
422,PAL0708,422,Anvers,Dream,"Adult, 1 Egg Stage",N72A1,Yes,11/14/08,51.952857452724636,18.73360349476184,196.96311305264547,3451.8443473677266,FEMALE,12.254658000000001,-23.89017,Nest never observed with full clutch.,Chinstrap penguin (Pygoscelis antarctica)
423,PAL0708,423,Anvers,Dream,"Adult, 1 Egg Stage",N95A2,Yes,11/21/09,45.56095643339799,18.46295440155175,194.7808713320402,3515.239108349497,FEMALE,9.32105,-24.86594,Nest never observed with full clutch.,Chinstrap penguin (Pygoscelis antarctica)
424,PAL0708,424,Anvers,Dream,"Adult, 1 Egg Stage",N71A1,No,11/24/08,49.2058938511035,18.2096444836239,197.99464195354227,3312.4330244192784,FEMALE,9.36668,-24.59467,Nest never observed with full clutch.,Chinstrap penguin (Pygoscelis antarctica)
425,PAL0910,425,Anvers,Dream,"Adult, 1 Egg Stage",N72A2,Yes,11/27/09,51.93822549850001,20.58674674725002,209.5366912387501,4781.982437062504,MALE,9.45827,-24.35575,Nest never observed with full clutch.,Chinstrap penguin (Pygoscelis antarctica)
426,PAL0708,426,Anvers,Dream,"Adult, 1 Egg Stage",N69A2,Yes,11/22/07,47.67187878541967,18.92786464642366,195.55729292847323,4150.0,MALE,9.98044,-24.38933,Nest never observed with full clutch.,Chinstrap penguin (Pygoscelis antarctica)
427,PAL0708,427,Anvers,Dream,"Adult, 1 Egg Stage",N87A2,Yes,11/28/07,49.658670570166734,18.4385086964867,195.5504046842001,4390.826588596666,MALE,9.36799,-24.64335,Nest never observed with full clutch.,Chinstrap penguin (Pygoscelis antarctica)
428,PAL0708,428,Anvers,Biscoe,"Adult, 1 Egg Stage",N46A2,Yes,11/4/08,50.113610996271575,15.163890037284233,223.1833402237054,5700.0,MALE,8.2554,-26.69166,Nest never observed with full clutch.,Gentoo penguin (Pygoscelis papua)
429,PAL0809,429,Anvers,Biscoe,"Adult, 1 Egg Stage",N6A2,Yes,11/15/09,50.48455840744548,14.170877085980194,218.58245828039608,5300.0,MALE,7.96491,-26.79358,Nest never observed with full clutch.,Gentoo penguin (Pygoscelis papua)
430,PAL0910,430,Anvers,Biscoe,"Adult, 1 Egg Stage",,Yes,12/1/09,44.7256266053051,14.094073552638811,217.0,4900.0,FEMALE,8.27141,-26.7765,Nest never observed with full clutch.,Gentoo penguin (Pygoscelis papua)
431,PAL0809,431,Anvers,,"Adult, 1 Egg Stage",N16A2,Yes,11/3/08,45.85326684752103,14.597645702456429,215.13949386065204,5000.0,MALE,8.63604,-26.18466,Nest never observed with full clutch.,Gentoo penguin (Pygoscelis papua)
432,PAL0809,432,Anvers,Biscoe,"Adult, 1 Egg Stage",,Yes,11/3/08,45.71235660543943,14.395498746025346,210.0,4200.0,FEMALE,8.37615,-26.79053,Nest never observed with full clutch.,Gentoo penguin (Pygoscelis papua)
433,PAL0910,433,Anvers,Biscoe,"Adult, 1 Egg Stage",N11A2,Yes,11/25/09,48.44263223957549,15.086178949269907,214.26727631341262,5400.0,MALE,8.03659,-26.86127,Nest never observed with full clutch.,Gentoo penguin (Pygoscelis papua)
434,PAL0809,434,Anvers,Biscoe,"Adult, 1 Egg Stage",N4A2,Yes,11/27/07,44.83514401262637,15.94017496054259,215.19248988951927,5222.803499210851,MALE,8.22673,-26.5929,Nest never observed with full clutch.,Gentoo penguin (Pygoscelis papua)
435,PAL0809,435,Anvers,Biscoe,"Adult, 1 Egg Stage",,Yes,11/3/08,44.94145749962183,14.591834326646726,218.92587980696507,5000.0,MALE,8.63604,-26.18466,Nest never observed with full clutch.,Gentoo penguin (Pygoscelis papua)
436,PAL0809,436,Anvers,Biscoe,"Adult, 1 Egg Stage",N46A2,Yes,11/22/09,49.16055457033079,15.880358839625805,222.20293596057476,5650.0,MALE,7.92358,-26.84166,Nest never observed with full clutch.,Gentoo penguin (Pygoscelis papua)
437,PAL0809,437,Anvers,,"Adult, 1 Egg Stage",N35A1,Yes,11/3/08,45.3,13.751423443841361,208.97153112317278,4248.576556158639,FEMALE,8.51951,-26.79053,Nest never observed with full clutch.,Gentoo penguin (Pygoscelis papua)
438,PAL0910,438,Anvers,Biscoe,"Adult, 1 Egg Stage",N21A1,Yes,11/18/09,45.78530980179657,13.98530980179657,214.0,4650.0,FEMALE,7.77672,-26.11046,Nest never observed with full clutch.,Gentoo penguin (Pygoscelis papua)
439,PAL0910,439,Anvers,Biscoe,"Adult, 1 Egg Stage",N33A1,Yes,11/15/09,52.09316405074401,17.053549587280003,227.30324380920004,5400.0,,8.03659,-26.15531,Nest never observed with full clutch.,Gentoo penguin (Pygoscelis papua)
440,PAL0910,440,Anvers,Biscoe,"Adult, 1 Egg Stage",N56A2,Yes,11/20/09,50.35433521861273,15.868299337091582,220.39245514809855,6117.736544429568,MALE,8.29226,-26.65931,Nest never observed with full clutch.,Gentoo penguin (Pygoscelis papua)
441,PAL0910,441,Anvers,Biscoe,"Adult, 1 Egg Stage",N53A1,Yes,11/29/07,45.598536618669726,14.948842762893813,214.97685525787625,4700.0,FEMALE,8.64931,-26.44815,Nest never observed with full clutch.,Gentoo penguin (Pygoscelis papua)
442,PAL0809,442,Anvers,Biscoe,"Adult, 1 Egg Stage",N2A2,Yes,11/3/08,48.537371017536806,15.086989681402944,221.93494840701473,5346.747420350736,MALE,8.14776,-26.86127,Nest never observed with full clutch.,Gentoo penguin (Pygoscelis papua)
443,PAL0809,443,Anvers,Biscoe,"Adult, 1 Egg Stage",N18A1,Yes,12/3/07,42.12778615686667,13.540891570197333,210.30668677648,4147.444276862667,FEMALE,8.65015,-26.59467,Nest never observed with full clutch.,Gentoo penguin (Pygoscelis papua)
444,PAL0809,444,Anvers,,"Adult, 1 Egg Stage",N13A2,Yes,11/2/08,44.46186234046579,17.217516879378945,219.0687359338509,5251.718398346272,MALE,8.15426,-27.01854,Nest never observed with full clutch.,Gentoo penguin (Pygoscelis papua)
445,PAL0910,445,Anvers,Biscoe,"Adult, 1 Egg Stage",N50A2,Yes,11/6/08,42.93412185631848,14.2,211.10762917071892,4700.0,,7.63452,-26.9547,Nest never observed with full clutch.,Gentoo penguin (Pygoscelis papua)
446,PAL0910,446,Anvers,Biscoe,"Adult, 1 Egg Stage",N1A1,Yes,11/29/07,48.125847607743964,14.339077246165326,204.82768261504023,4617.384655770666,FEMALE,7.77672,-25.50811,Nest never observed with full clutch.,Gentoo penguin (Pygoscelis papua)
447,PAL0910,447,Anvers,,"Adult, 1 Egg Stage",N60A1,Yes,12/1/09,47.185121349185955,14.521862308794892,212.29301634201914,4727.44180285016,FEMALE,10.721022000000001,-26.22848,Nest never observed with full clutch.,Gentoo penguin (Pygoscelis papua)
448,PAL0910,448,Anvers,Biscoe,"Adult, 1 Egg Stage",N56A2,Yes,12/3/07,49.52626403902204,16.231576697348785,221.36846605302432,6000.0,MALE,8.29226,-26.65931,Nest never observed with full clutch.,Gentoo penguin (Pygoscelis papua)
449,PAL0809,449,Anvers,Biscoe,"Adult, 1 Egg Stage",N35A1,Yes,11/4/08,43.91196950125208,13.73204574812188,208.0,4327.99237531302,FEMALE,8.37615,-25.32176,Nest never observed with full clutch.,Gentoo penguin (Pygoscelis papua)
450,PAL0809,450,Anvers,Biscoe,"Adult, 1 Egg Stage",N56A1,Yes,11/3/08,45.01220382348448,15.290165588639699,218.4135029470179,5050.0,,7.97408,-26.7489,Nest never observed with full clutch.,Gentoo penguin (Pygoscelis papua)
451,PAL0708,451,Anvers,Biscoe,"Adult, 1 Egg Stage",N41A2,Yes,11/27/07,45.69421229213352,15.143729983144652,210.96141528089015,5050.0,FEMALE,8.63488,-26.89644,Nest never observed with full clutch.,Gentoo penguin (Pygoscelis papua)
452,PAL0809,452,Anvers,Biscoe,"Adult, 1 Egg Stage",N11A2,Yes,11/9/08,52.12434525354652,17.05873377466174,227.86244591553913,5398.280573944239,MALE,8.2345,-25.54456,Nest never observed with full clutch.,Gentoo penguin (Pygoscelis papua)
453,PAL0708,453,Anvers,Biscoe,"Adult, 1 Egg Stage",N35A1,Yes,11/27/07,46.15466020103939,14.081864080415755,216.72796120623636,4377.266989948031,FEMALE,8.14705,-25.32176,Nest never observed with full clutch.,Gentoo penguin (Pygoscelis papua)
454,PAL0809,454,Anvers,Biscoe,"Adult, 1 Egg Stage",,Yes,11/27/07,47.80702398528001,14.965803966880031,216.29389990800007,5400.0,MALE,7.96491,-25.39587,Nest never observed with full clutch.,Gentoo penguin (Pygoscelis papua)
455,PAL0910,455,Anvers,Biscoe,"Adult, 1 Egg Stage",N22A1,Yes,11/22/09,47.858792340272565,14.730017827483186,215.96270055918583,4850.0,FEMALE,8.12691,-26.18763,Nest never observed with full clutch.,Gentoo penguin (Pygoscelis papua)
